Student_ID,Student_Name,Age,Gender,Department,Year,Semester,Attendance,Study_Hours,Assignment_Score,Internal_Marks,Previous_Semester_Marks,Assignment_Completion,Class_Participation,Backlogs,Sleep_Hours,Final_Marks,Overall_Performance,Risk_Category,Attendance_Band,Study_Hours_Band,Grade_Point
STU1001,Tanya Banerjee,20,Female,Computer Science and Engineering,2,4,46.9,4.5,83.0,61.1,66.4,63.8,35.2,0,5.6,60.8,Average,Medium Risk,<50% (Critical),2-5 Hrs (Moderate),7.0
STU1002,Sneha Das,19,Female,Data Science,1,1,59.6,4.0,50.8,42.5,39.3,42.5,60.5,2,6.6,34.3,At Risk,High Risk,50-75% (Warning),2-5 Hrs (Moderate),4.0
STU1003,Manish Bhat,21,Male,Artificial Intelligence & Machine Learning,4,7,79.2,7.2,72.2,94.4,78.5,83.0,76.3,0,5.5,73.2,Good,Low Risk,75-90% (Good),5-8 Hrs (High),8.0
STU1004,Bhavya Iyer,21,Male,Artificial Intelligence & Machine Learning,4,7,74.6,7.8,64.8,63.2,35.5,65.5,70.7,0,7.2,63.0,Average,Medium Risk,50-75% (Warning),5-8 Hrs (High),7.0
STU1005,Priya Kumar,18,Female,Computer Science and Engineering,1,1,50.4,7.6,70.9,59.1,63.2,59.1,42.9,0,6.5,63.7,Average,Medium Risk,50-75% (Warning),5-8 Hrs (High),7.0
STU1006,Tanya Gupta,21,Male,Computer Science and Engineering,4,7,50.4,8.2,84.6,58.3,73.5,56.3,60.0,0,6.8,73.3,Good,Low Risk,50-75% (Warning),>8 Hrs (Intense),8.0
STU1007,Pooja Mehta,22,Male,Data Science,4,8,60.7,2.7,31.8,49.1,36.2,56.9,41.8,1,8.3,35.3,At Risk,High Risk,50-75% (Warning),2-5 Hrs (Moderate),4.0
STU1008,Rhea Banerjee,20,Female,Computer Science and Engineering,3,6,76.5,8.4,89.8,93.7,76.4,80.1,72.6,0,5.3,85.8,Excellent,Low Risk,75-90% (Good),>8 Hrs (Intense),9.0
STU1009,Gaurav Singh,20,Male,Computer Science and Engineering,3,6,87.5,4.7,70.5,59.3,57.6,100.0,62.5,0,7.3,64.0,Average,Medium Risk,75-90% (Good),2-5 Hrs (Moderate),7.0
STU1010,Gaurav Iyer,19,Male,Computer Science and Engineering,2,4,55.7,6.9,65.5,55.6,59.5,44.3,37.0,0,6.8,62.5,Average,Medium Risk,50-75% (Warning),5-8 Hrs (High),7.0
STU1011,Rohan Reddy,18,Male,Artificial Intelligence & Machine Learning,1,2,46.0,7.9,65.9,69.1,62.3,37.0,53.0,0,6.4,65.6,Average,Medium Risk,<50% (Critical),5-8 Hrs (High),7.0
STU1012,Zoya Deshmukh,19,Male,Information Technology,2,4,69.8,6.8,50.8,44.7,45.9,60.3,52.1,0,8.0,53.1,Average,Medium Risk,50-75% (Warning),5-8 Hrs (High),6.0
STU1013,Tarun Rao,21,Female,Data Science,4,8,62.1,7.1,75.4,66.3,81.8,49.9,47.6,1,7.9,63.4,Average,Medium Risk,50-75% (Warning),5-8 Hrs (High),7.0
STU1014,Rohan Reddy,18,Male,Information Technology,1,1,85.1,8.7,80.9,55.5,83.5,69.8,66.8,0,5.6,77.9,Good,Low Risk,75-90% (Good),>8 Hrs (Intense),8.0
STU1015,Aditya Kulkarni,19,Male,Computer Science and Engineering,2,3,58.8,8.7,68.4,34.8,49.4,47.5,56.6,0,6.6,55.8,Average,Medium Risk,50-75% (Warning),>8 Hrs (Intense),6.0
STU1016,Rahul Kumar,20,Female,Data Science,2,3,48.7,6.3,66.0,68.6,70.1,44.8,41.0,2,7.2,51.5,Average,Medium Risk,<50% (Critical),5-8 Hrs (High),6.0
STU1017,Aditi Gupta,20,Female,Computer Science and Engineering,3,5,87.9,9.2,76.2,77.0,86.7,80.0,77.7,0,6.4,74.8,Good,Low Risk,75-90% (Good),>8 Hrs (Intense),8.0
STU1018,Rohan Chaudhary,21,Female,Data Science,4,8,85.2,3.9,43.4,58.8,64.7,78.3,65.8,0,7.6,58.6,Average,Medium Risk,75-90% (Good),2-5 Hrs (Moderate),6.0
STU1019,Tanvi Chaudhary,19,Male,Information Technology,2,4,59.6,3.7,62.8,51.4,32.3,50.0,28.9,0,7.2,54.3,Average,Medium Risk,50-75% (Warning),2-5 Hrs (Moderate),6.0
STU1020,Rishabh Saxena,19,Male,Data Science,2,4,61.7,6.5,66.3,48.0,72.1,57.8,38.3,1,9.2,60.7,Average,Medium Risk,50-75% (Warning),5-8 Hrs (High),7.0
STU1021,Aditi Bhat,20,Other,Data Science,3,5,57.0,6.2,36.7,42.2,37.5,55.2,45.7,1,4.8,35.1,At Risk,High Risk,50-75% (Warning),5-8 Hrs (High),4.0
STU1022,Priya Mehta,19,Female,Data Science,2,4,90.3,8.7,78.4,68.5,77.5,84.0,73.7,0,6.6,71.7,Good,Low Risk,>90% (Excellent),>8 Hrs (Intense),8.0
STU1023,Vedant Joshi,18,Male,Computer Science and Engineering,1,2,54.1,4.6,48.2,66.4,82.5,47.2,54.4,2,5.6,59.3,Average,Medium Risk,50-75% (Warning),2-5 Hrs (Moderate),6.0
STU1024,Isha Rao,19,Male,Information Technology,2,4,76.8,8.7,70.8,69.0,87.2,84.5,83.6,0,7.6,71.1,Good,Low Risk,75-90% (Good),>8 Hrs (Intense),8.0
STU1025,Rahul Mehta,18,Male,Data Science,1,1,49.5,3.5,40.4,42.8,42.0,28.4,46.2,4,4.7,28.8,At Risk,High Risk,<50% (Critical),2-5 Hrs (Moderate),4.0
STU1026,Sanjana Agarwal,18,Female,Data Science,1,2,81.3,7.5,56.3,53.2,39.2,56.6,85.8,0,7.3,54.5,Average,Medium Risk,75-90% (Good),5-8 Hrs (High),6.0
STU1027,Shruti Patel,20,Female,Data Science,2,3,61.2,4.6,65.5,74.8,84.3,65.4,55.7,0,6.0,75.6,Good,Low Risk,50-75% (Warning),2-5 Hrs (Moderate),8.0
STU1028,Siddharth Reddy,19,Male,Data Science,2,3,90.0,9.8,63.7,65.5,52.9,87.5,81.0,0,5.8,65.9,Average,Medium Risk,75-90% (Good),>8 Hrs (Intense),7.0
STU1029,Meera Kulkarni,21,Male,Computer Science and Engineering,4,7,75.7,6.7,58.2,66.9,60.4,91.7,61.8,0,4.9,70.0,Good,Low Risk,75-90% (Good),5-8 Hrs (High),8.0
STU1030,Manish Deshmukh,19,Female,Artificial Intelligence & Machine Learning,2,3,55.5,8.0,85.5,73.4,59.3,57.7,75.5,1,6.2,65.7,Average,Medium Risk,50-75% (Warning),5-8 Hrs (High),7.0
STU1031,Aditya Nair,20,Female,Computer Science and Engineering,3,6,74.6,4.0,74.7,60.3,77.2,74.9,80.7,1,8.2,65.2,Average,Medium Risk,50-75% (Warning),2-5 Hrs (Moderate),7.0
STU1032,Aman Rao,20,Male,Artificial Intelligence & Machine Learning,3,5,73.7,9.2,66.9,79.6,82.0,72.4,66.7,0,6.8,66.9,Average,Medium Risk,50-75% (Warning),>8 Hrs (Intense),7.0
STU1033,Arjun Joshi,18,Female,Artificial Intelligence & Machine Learning,1,1,84.5,9.0,75.9,60.0,69.3,83.1,76.1,0,7.6,62.0,Average,Medium Risk,75-90% (Good),>8 Hrs (Intense),7.0
STU1034,Priya Saxena,21,Female,Artificial Intelligence & Machine Learning,3,6,61.4,7.2,68.3,45.2,65.9,73.4,67.5,0,9.0,59.1,Average,Medium Risk,50-75% (Warning),5-8 Hrs (High),6.0
STU1035,Dev Verma,18,Male,Data Science,1,2,82.2,6.8,91.6,80.1,70.4,65.4,72.7,0,7.1,78.1,Good,Low Risk,75-90% (Good),5-8 Hrs (High),8.0
STU1036,Tanya Kumar,21,Female,Data Science,4,7,73.5,7.3,58.3,60.7,66.2,73.0,55.8,0,6.1,58.8,Average,Medium Risk,50-75% (Warning),5-8 Hrs (High),6.0
STU1037,Nikhil Kumar,18,Male,Computer Science and Engineering,1,2,70.0,4.6,76.5,71.1,64.5,83.9,68.5,0,7.4,62.8,Average,Medium Risk,50-75% (Warning),2-5 Hrs (Moderate),7.0
STU1038,Akash Patel,19,Female,Artificial Intelligence & Machine Learning,2,3,54.6,7.7,70.4,73.8,85.5,63.4,56.5,0,6.1,73.2,Good,Low Risk,50-75% (Warning),5-8 Hrs (High),8.0
STU1039,Sanjana Das,18,Female,Computer Science and Engineering,1,1,67.2,10.2,64.4,79.2,87.3,84.1,66.0,0,6.1,79.3,Good,Low Risk,50-75% (Warning),>8 Hrs (Intense),8.0
STU1040,Kavya Nair,21,Female,Data Science,4,7,70.3,7.3,66.5,37.2,63.2,58.8,48.5,0,4.8,55.9,Average,Medium Risk,50-75% (Warning),5-8 Hrs (High),6.0
STU1041,Dev Iyer,20,Female,Computer Science and Engineering,3,5,54.0,5.5,69.1,76.0,49.8,50.6,28.3,1,8.0,59.5,Average,Medium Risk,50-75% (Warning),5-8 Hrs (High),6.0
STU1042,Sharad Deshmukh,21,Male,Computer Science and Engineering,3,6,71.9,6.3,100.0,72.4,82.5,73.4,68.3,0,6.3,72.1,Good,Low Risk,50-75% (Warning),5-8 Hrs (High),8.0
STU1043,Aditi Sharma,18,Female,Data Science,1,1,64.7,9.6,66.0,85.3,74.9,51.5,71.9,0,7.0,72.1,Good,Low Risk,50-75% (Warning),>8 Hrs (Intense),8.0
STU1044,Pranav Banerjee,20,Female,Computer Science and Engineering,3,6,67.2,8.3,84.2,66.2,62.3,61.3,61.7,0,5.5,76.0,Good,Low Risk,50-75% (Warning),>8 Hrs (Intense),8.0
STU1045,Siddharth Agarwal,18,Male,Artificial Intelligence & Machine Learning,1,2,29.0,1.1,50.1,54.9,47.4,23.6,43.9,2,7.4,35.2,At Risk,High Risk,<50% (Critical),<2 Hrs (Low),4.0
STU1046,Arjun Reddy,21,Female,Computer Science and Engineering,4,8,68.4,8.5,76.1,50.8,67.3,73.6,53.1,0,5.8,65.4,Average,Medium Risk,50-75% (Warning),>8 Hrs (Intense),7.0
STU1047,Bhavya Deshmukh,18,Female,Computer Science and Engineering,1,2,35.2,3.9,30.2,46.5,53.8,39.0,18.0,1,6.6,47.4,At Risk,High Risk,<50% (Critical),2-5 Hrs (Moderate),4.0
STU1048,Yash Singh,18,Male,Data Science,1,1,39.6,7.2,39.9,45.1,48.3,41.6,34.3,3,7.9,28.1,At Risk,High Risk,<50% (Critical),5-8 Hrs (High),4.0
STU1049,Kavya Singh,18,Female,Computer Science and Engineering,1,2,80.7,6.5,70.7,77.8,61.9,87.3,71.8,0,7.8,74.9,Good,Low Risk,75-90% (Good),5-8 Hrs (High),8.0
STU1050,Neha Patel,20,Female,Computer Science and Engineering,2,3,93.5,3.6,85.7,92.9,83.6,91.6,91.3,2,6.8,83.7,Good,Low Risk,>90% (Excellent),2-5 Hrs (Moderate),9.0
STU1051,Zoya Das,20,Male,Artificial Intelligence & Machine Learning,3,6,100.0,8.4,67.9,58.2,73.7,100.0,74.4,0,4.5,70.8,Good,Low Risk,>90% (Excellent),>8 Hrs (Intense),8.0
STU1052,Tarun Mehta,18,Other,Computer Science and Engineering,1,2,49.8,7.4,73.4,56.7,67.1,53.4,62.0,0,10.0,63.9,Average,Medium Risk,<50% (Critical),5-8 Hrs (High),7.0
STU1053,Akash Reddy,22,Male,Artificial Intelligence & Machine Learning,4,7,72.4,2.8,68.9,61.5,67.7,65.5,77.4,1,9.1,54.8,Average,Medium Risk,50-75% (Warning),2-5 Hrs (Moderate),6.0
STU1054,Aditi Rao,19,Male,Computer Science and Engineering,2,3,57.5,2.6,53.8,69.5,58.1,47.0,43.0,1,7.7,48.8,At Risk,High Risk,50-75% (Warning),2-5 Hrs (Moderate),4.0
STU1055,Aniket Das,20,Male,Computer Science and Engineering,3,5,80.7,12.0,100.0,83.8,76.7,89.9,88.8,0,5.8,88.5,Excellent,Low Risk,75-90% (Good),>8 Hrs (Intense),9.0
STU1056,Akash Reddy,19,Female,Artificial Intelligence & Machine Learning,2,4,83.1,7.8,81.9,83.8,68.3,78.6,63.1,0,6.7,80.6,Good,Low Risk,75-90% (Good),5-8 Hrs (High),9.0
STU1057,Sneha Gupta,19,Female,Computer Science and Engineering,2,4,49.8,6.8,43.8,51.9,41.5,55.7,53.6,2,6.1,46.6,At Risk,High Risk,<50% (Critical),5-8 Hrs (High),4.0
STU1058,Nikhil Deshmukh,20,Male,Computer Science and Engineering,3,5,74.0,6.2,83.7,91.7,76.4,62.8,74.9,2,8.4,78.2,Good,Low Risk,50-75% (Warning),5-8 Hrs (High),8.0
STU1059,Sharad Deshmukh,19,Male,Data Science,1,1,65.5,0.8,43.1,24.8,64.6,46.7,57.5,0,7.1,43.2,At Risk,High Risk,50-75% (Warning),<2 Hrs (Low),4.0
STU1060,Vikram Saxena,18,Female,Computer Science and Engineering,1,1,76.1,6.7,76.7,66.9,61.8,77.6,64.3,0,5.8,73.6,Good,Low Risk,75-90% (Good),5-8 Hrs (High),8.0
STU1061,Divya Banerjee,21,Male,Artificial Intelligence & Machine Learning,4,7,84.7,7.7,91.7,55.3,71.1,81.6,44.3,0,6.2,70.0,Good,Low Risk,75-90% (Good),5-8 Hrs (High),8.0
STU1062,Zoya Nair,21,Female,Computer Science and Engineering,4,8,60.1,5.9,69.1,32.3,80.1,55.7,46.9,0,8.3,61.1,Average,Medium Risk,50-75% (Warning),5-8 Hrs (High),7.0
STU1063,Kavya Joshi,19,Female,Artificial Intelligence & Machine Learning,2,3,53.2,7.0,54.4,71.2,73.5,64.1,45.4,1,8.9,60.7,Average,Medium Risk,50-75% (Warning),5-8 Hrs (High),7.0
STU1064,Utkarsh Reddy,19,Male,Information Technology,2,3,51.4,5.8,45.6,53.5,58.0,43.5,33.5,1,8.8,49.4,At Risk,High Risk,50-75% (Warning),5-8 Hrs (High),4.0
STU1065,Manish Sharma,20,Female,Data Science,3,5,100.0,8.8,96.0,78.8,66.5,94.8,87.6,0,7.8,84.9,Good,Low Risk,>90% (Excellent),>8 Hrs (Intense),9.0
STU1066,Bhavya Gupta,20,Male,Information Technology,2,3,63.3,6.2,76.9,76.3,84.7,79.8,58.1,0,6.5,66.1,Average,Medium Risk,50-75% (Warning),5-8 Hrs (High),7.0
STU1067,Kavya Deshmukh,18,Other,Data Science,1,2,53.3,7.6,65.9,100.0,51.9,67.2,41.3,1,3.0,55.1,Average,Medium Risk,50-75% (Warning),5-8 Hrs (High),6.0
STU1068,Rhea Agarwal,18,Female,Information Technology,1,1,66.0,3.0,71.4,58.6,48.2,75.7,45.9,2,7.2,50.2,Average,Medium Risk,50-75% (Warning),2-5 Hrs (Moderate),6.0
STU1069,Tarun Sharma,20,Female,Computer Science and Engineering,3,6,73.6,5.2,88.7,87.2,75.6,75.1,62.9,0,6.8,69.3,Average,Medium Risk,50-75% (Warning),5-8 Hrs (High),7.0
STU1070,Priya Patel,20,Male,Artificial Intelligence & Machine Learning,3,5,64.1,8.9,74.5,62.4,62.7,75.6,70.5,0,7.0,70.8,Good,Low Risk,50-75% (Warning),>8 Hrs (Intense),8.0
STU1071,Meera Patel,18,Female,Data Science,1,1,61.2,7.6,63.3,66.8,60.7,52.9,47.8,1,6.9,62.6,Average,Medium Risk,50-75% (Warning),5-8 Hrs (High),7.0
STU1072,Nikhil Mehta,18,Male,Data Science,1,2,30.8,4.4,45.9,42.7,29.7,23.8,22.8,1,5.1,34.3,At Risk,High Risk,<50% (Critical),2-5 Hrs (Moderate),4.0
STU1073,Rohan Deshmukh,18,Male,Data Science,1,1,51.7,3.9,71.5,55.7,72.4,33.8,42.9,0,7.5,52.6,Average,Medium Risk,50-75% (Warning),2-5 Hrs (Moderate),6.0
STU1074,Sharad Deshmukh,20,Male,Artificial Intelligence & Machine Learning,3,6,92.7,7.5,86.4,100.0,92.4,100.0,84.4,0,7.6,96.6,Excellent,Low Risk,>90% (Excellent),5-8 Hrs (High),10.0
STU1075,Sanjana Bhat,18,Female,Computer Science and Engineering,1,2,24.0,3.2,40.0,52.8,17.2,16.2,25.3,1,7.7,38.5,At Risk,High Risk,<50% (Critical),2-5 Hrs (Moderate),4.0
STU1076,Sneha Iyer,18,Female,Computer Science and Engineering,1,1,22.4,1.0,55.0,42.0,54.0,21.8,0.0,1,8.0,35.1,At Risk,High Risk,<50% (Critical),<2 Hrs (Low),4.0
STU1077,Manish Chaudhary,22,Female,Artificial Intelligence & Machine Learning,4,8,53.0,4.7,59.2,30.3,48.7,45.0,57.2,1,7.6,44.5,At Risk,High Risk,50-75% (Warning),2-5 Hrs (Moderate),4.0
STU1078,Aarav Kumar,18,Female,Artificial Intelligence & Machine Learning,1,2,70.9,7.4,53.3,55.2,70.1,71.1,72.8,0,6.3,63.5,Average,Medium Risk,50-75% (Warning),5-8 Hrs (High),7.0
STU1079,Sanjana Singh,20,Male,Information Technology,3,6,82.2,11.4,73.4,100.0,78.2,80.0,64.3,1,6.7,83.7,Good,Low Risk,75-90% (Good),>8 Hrs (Intense),9.0
STU1080,Arjun Gupta,18,Female,Artificial Intelligence & Machine Learning,1,2,55.6,5.4,51.2,55.8,59.4,44.0,39.2,1,6.9,49.4,At Risk,High Risk,50-75% (Warning),5-8 Hrs (High),4.0
STU1081,Dev Das,19,Male,Information Technology,1,2,73.7,8.9,68.6,83.0,67.1,75.8,60.4,0,6.9,73.2,Good,Low Risk,50-75% (Warning),>8 Hrs (Intense),8.0
STU1082,Rohan Banerjee,19,Female,Artificial Intelligence & Machine Learning,1,2,53.9,4.2,85.0,88.6,85.3,47.6,46.1,0,8.1,77.0,Good,Low Risk,50-75% (Warning),2-5 Hrs (Moderate),8.0
STU1083,Aarav Saxena,20,Female,Computer Science and Engineering,3,6,80.5,8.9,64.4,73.7,55.6,70.9,71.8,0,7.6,79.4,Good,Low Risk,75-90% (Good),>8 Hrs (Intense),8.0
STU1084,Bhavya Bhat,22,Female,Computer Science and Engineering,4,8,85.0,6.9,79.4,66.4,82.8,66.4,55.3,0,9.5,66.8,Average,Medium Risk,75-90% (Good),5-8 Hrs (High),7.0
STU1085,Rohan Joshi,21,Female,Artificial Intelligence & Machine Learning,4,7,70.4,8.3,66.5,42.5,84.3,59.4,52.6,1,9.7,59.1,Average,Medium Risk,50-75% (Warning),>8 Hrs (Intense),6.0
STU1086,Gaurav Agarwal,19,Male,Data Science,2,3,58.6,4.0,45.9,53.2,55.1,51.7,59.8,0,6.9,46.0,At Risk,High Risk,50-75% (Warning),2-5 Hrs (Moderate),4.0
STU1087,Neha Kulkarni,20,Male,Computer Science and Engineering,3,6,50.2,8.8,48.1,51.2,89.1,36.0,37.4,0,3.0,61.9,Average,Medium Risk,50-75% (Warning),>8 Hrs (Intense),7.0
STU1088,Bhavya Bhat,18,Female,Data Science,1,1,99.4,7.4,80.0,83.6,73.8,83.8,98.2,0,8.4,78.9,Good,Low Risk,>90% (Excellent),5-8 Hrs (High),8.0
STU1089,Yash Sharma,19,Male,Information Technology,2,4,83.9,9.6,76.9,62.9,88.3,83.1,78.3,0,6.1,71.0,Good,Low Risk,75-90% (Good),>8 Hrs (Intense),8.0
STU1090,Yash Gupta,22,Male,Data Science,4,8,62.5,6.2,71.0,60.4,62.3,57.2,37.2,0,5.8,64.0,Average,Medium Risk,50-75% (Warning),5-8 Hrs (High),7.0
STU1091,Vedant Iyer,18,Male,Data Science,1,1,82.7,8.3,81.9,79.2,92.5,98.7,80.8,0,6.3,91.0,Excellent,Low Risk,75-90% (Good),>8 Hrs (Intense),10.0
STU1092,Ananya Chaudhary,18,Female,Data Science,1,2,58.8,5.7,48.1,60.8,58.0,70.9,49.1,0,6.2,59.3,Average,Medium Risk,50-75% (Warning),5-8 Hrs (High),6.0
STU1093,Tanya Mehta,18,Male,Computer Science and Engineering,1,2,86.4,5.8,80.9,55.0,63.4,73.6,67.3,0,7.6,67.9,Average,Medium Risk,75-90% (Good),5-8 Hrs (High),7.0
STU1094,Siddharth Rao,18,Male,Data Science,1,2,48.7,6.2,63.5,73.4,75.1,54.2,47.4,0,4.8,65.5,Average,Medium Risk,<50% (Critical),5-8 Hrs (High),7.0
STU1095,Arjun Iyer,18,Female,Data Science,1,2,74.8,8.6,82.5,72.6,72.6,83.6,74.9,0,5.4,81.6,Good,Low Risk,50-75% (Warning),>8 Hrs (Intense),9.0
STU1096,Dev Nair,20,Female,Computer Science and Engineering,3,5,78.8,7.2,65.3,43.3,46.5,68.1,72.1,0,7.2,53.4,Average,Medium Risk,75-90% (Good),5-8 Hrs (High),6.0
STU1097,Bhavya Patel,19,Male,Artificial Intelligence & Machine Learning,2,4,66.1,7.7,66.2,68.5,63.1,55.0,72.1,0,7.6,65.1,Average,Medium Risk,50-75% (Warning),5-8 Hrs (High),7.0
STU1098,Isha Mehta,22,Male,Data Science,4,8,58.0,6.0,51.2,46.1,54.5,50.0,48.4,1,7.6,45.8,At Risk,High Risk,50-75% (Warning),5-8 Hrs (High),4.0
STU1099,Vikram Nair,21,Male,Artificial Intelligence & Machine Learning,4,8,100.0,10.2,84.1,80.4,94.0,93.3,70.9,0,5.8,82.5,Good,Low Risk,>90% (Excellent),>8 Hrs (Intense),9.0
STU1100,Vedant Singh,19,Male,Information Technology,2,3,56.0,4.2,43.2,74.6,60.0,51.0,44.2,2,5.5,48.1,At Risk,High Risk,50-75% (Warning),2-5 Hrs (Moderate),4.0
STU1101,Rhea Nair,19,Male,Computer Science and Engineering,2,4,73.3,8.1,59.0,59.4,78.2,72.0,90.6,0,6.1,73.2,Good,Low Risk,50-75% (Warning),>8 Hrs (Intense),8.0
STU1102,Rohan Saxena,19,Female,Artificial Intelligence & Machine Learning,2,3,62.1,5.7,71.1,70.9,55.4,59.3,66.3,0,7.1,65.7,Average,Medium Risk,50-75% (Warning),5-8 Hrs (High),7.0
STU1103,Aman Kumar,20,Female,Data Science,3,5,94.9,10.0,84.7,68.2,74.8,83.3,100.0,1,8.7,79.6,Good,Low Risk,>90% (Excellent),>8 Hrs (Intense),8.0
STU1104,Yash Joshi,19,Female,Information Technology,2,4,71.0,8.1,79.3,75.3,61.9,69.3,75.2,0,4.1,69.8,Average,Medium Risk,50-75% (Warning),>8 Hrs (Intense),7.0
STU1105,Tarun Singh,21,Male,Computer Science and Engineering,3,6,67.1,2.7,53.5,61.0,57.9,65.7,58.3,0,6.5,58.5,Average,Medium Risk,50-75% (Warning),2-5 Hrs (Moderate),6.0
STU1106,Rahul Agarwal,19,Female,Artificial Intelligence & Machine Learning,2,3,61.9,7.3,63.3,61.4,67.3,53.0,59.3,0,5.1,59.0,Average,Medium Risk,50-75% (Warning),5-8 Hrs (High),6.0
STU1107,Shruti Joshi,21,Male,Data Science,3,6,58.6,7.3,70.8,51.9,82.2,71.4,57.7,0,4.7,62.9,Average,Medium Risk,50-75% (Warning),5-8 Hrs (High),7.0
STU1108,Yash Sharma,20,Female,Computer Science and Engineering,2,3,85.8,6.9,68.9,93.2,69.6,69.4,57.6,0,8.1,77.2,Good,Low Risk,75-90% (Good),5-8 Hrs (High),8.0
STU1109,Aarav Banerjee,19,Female,Computer Science and Engineering,2,3,53.9,10.6,72.6,60.1,75.7,56.1,55.5,0,7.5,68.5,Average,Medium Risk,50-75% (Warning),>8 Hrs (Intense),7.0
STU1110,Yash Deshmukh,22,Male,Artificial Intelligence & Machine Learning,4,8,56.5,4.9,68.0,50.7,57.7,52.6,61.1,1,7.4,53.7,Average,Medium Risk,50-75% (Warning),2-5 Hrs (Moderate),6.0
STU1111,Aman Iyer,21,Female,Artificial Intelligence & Machine Learning,4,8,94.3,7.2,69.2,83.2,66.6,85.8,75.4,0,8.0,75.6,Good,Low Risk,>90% (Excellent),5-8 Hrs (High),8.0
STU1112,Kavya Deshmukh,19,Male,Computer Science and Engineering,1,1,80.4,8.2,79.8,60.0,72.2,74.5,75.1,0,6.2,69.8,Average,Medium Risk,75-90% (Good),>8 Hrs (Intense),7.0
STU1113,Aditya Kulkarni,21,Female,Data Science,4,7,98.7,9.0,56.1,53.8,69.4,100.0,89.3,0,6.2,84.4,Good,Low Risk,>90% (Excellent),>8 Hrs (Intense),9.0
STU1114,Aarav Gupta,20,Male,Data Science,2,3,86.4,7.4,66.4,45.1,68.1,74.7,63.8,0,9.6,67.3,Average,Medium Risk,75-90% (Good),5-8 Hrs (High),7.0
STU1115,Ananya Patel,22,Male,Artificial Intelligence & Machine Learning,4,7,67.3,9.8,69.7,80.2,71.4,88.1,57.4,0,6.5,75.9,Good,Low Risk,50-75% (Warning),>8 Hrs (Intense),8.0
STU1116,Sharad Saxena,22,Female,Computer Science and Engineering,4,8,76.3,8.8,90.5,65.8,72.6,78.8,57.5,0,7.8,73.3,Good,Low Risk,75-90% (Good),>8 Hrs (Intense),8.0
STU1117,Kavya Das,19,Male,Information Technology,2,4,71.3,3.4,67.4,100.0,63.0,70.7,54.6,0,6.8,69.2,Average,Medium Risk,50-75% (Warning),2-5 Hrs (Moderate),7.0
STU1118,Tanya Kumar,18,Female,Computer Science and Engineering,1,2,28.0,3.6,26.8,33.5,62.1,32.8,13.4,1,4.4,31.0,At Risk,High Risk,<50% (Critical),2-5 Hrs (Moderate),4.0
STU1119,Shruti Bhat,19,Male,Data Science,2,4,33.9,3.3,27.3,32.7,31.3,52.6,20.0,1,4.1,27.1,At Risk,High Risk,<50% (Critical),2-5 Hrs (Moderate),4.0
STU1120,Dev Verma,20,Female,Computer Science and Engineering,3,6,70.9,8.9,75.5,67.1,64.5,64.2,79.3,0,6.0,61.2,Average,Medium Risk,50-75% (Warning),>8 Hrs (Intense),7.0
STU1121,Manish Rao,20,Female,Computer Science and Engineering,3,5,22.2,0.5,54.7,48.0,79.9,15.8,13.4,3,8.2,27.4,At Risk,High Risk,<50% (Critical),<2 Hrs (Low),4.0
STU1122,Manish Saxena,19,Male,Data Science,2,4,64.4,11.0,67.1,55.4,48.9,55.7,56.6,0,7.8,58.2,Average,Medium Risk,50-75% (Warning),>8 Hrs (Intense),6.0
STU1123,Sharad Deshmukh,18,Male,Computer Science and Engineering,1,2,74.9,9.0,77.0,81.5,57.1,75.4,62.6,0,8.0,73.6,Good,Low Risk,50-75% (Warning),>8 Hrs (Intense),8.0
STU1124,Karan Kumar,22,Male,Artificial Intelligence & Machine Learning,4,8,58.9,8.4,87.9,63.4,83.1,50.6,70.3,0,5.5,70.7,Good,Low Risk,50-75% (Warning),>8 Hrs (Intense),8.0
STU1125,Varun Sharma,21,Male,Computer Science and Engineering,4,8,77.7,9.6,65.6,52.8,44.1,75.1,80.2,0,8.9,68.5,Average,Medium Risk,75-90% (Good),>8 Hrs (Intense),7.0
STU1126,Tanya Sharma,21,Male,Data Science,3,6,76.4,11.1,75.6,43.1,61.8,85.4,72.8,0,5.5,59.6,Average,Medium Risk,75-90% (Good),>8 Hrs (Intense),6.0
STU1127,Varun Saxena,18,Female,Computer Science and Engineering,1,1,60.8,7.3,42.0,29.0,82.1,57.9,53.7,0,7.1,50.0,Average,Medium Risk,50-75% (Warning),5-8 Hrs (High),6.0
STU1128,Akash Bhat,20,Female,Computer Science and Engineering,2,3,89.0,11.5,79.1,81.8,67.6,89.0,80.2,1,6.8,84.3,Good,Low Risk,75-90% (Good),>8 Hrs (Intense),9.0
STU1129,Tanvi Agarwal,19,Female,Computer Science and Engineering,1,1,82.1,8.0,54.8,67.9,47.1,74.0,58.8,0,6.6,63.5,Average,Medium Risk,75-90% (Good),5-8 Hrs (High),7.0
STU1130,Aman Chaudhary,21,Female,Data Science,4,8,98.4,9.2,83.2,78.0,65.9,100.0,100.0,0,8.5,85.2,Excellent,Low Risk,>90% (Excellent),>8 Hrs (Intense),9.0
STU1131,Rhea Agarwal,18,Female,Data Science,1,1,50.1,3.6,47.9,59.8,57.2,37.7,31.7,1,5.9,56.2,Average,Medium Risk,50-75% (Warning),2-5 Hrs (Moderate),6.0
STU1132,Tanya Deshmukh,20,Female,Data Science,3,5,37.0,3.0,49.9,60.0,60.2,50.0,38.2,3,5.0,36.3,At Risk,High Risk,<50% (Critical),2-5 Hrs (Moderate),4.0
STU1133,Manish Sharma,19,Male,Data Science,2,4,66.6,5.1,63.4,56.5,54.6,78.5,66.9,0,6.8,58.5,Average,Medium Risk,50-75% (Warning),5-8 Hrs (High),6.0
STU1134,Sneha Verma,20,Female,Data Science,3,6,92.3,5.6,66.1,52.6,81.6,89.3,72.5,0,6.3,68.2,Average,Medium Risk,>90% (Excellent),5-8 Hrs (High),7.0
STU1135,Zoya Joshi,20,Female,Computer Science and Engineering,3,6,66.0,7.4,69.4,62.9,86.0,66.7,70.6,0,10.0,59.7,Average,Medium Risk,50-75% (Warning),5-8 Hrs (High),6.0
STU1136,Karan Gupta,21,Female,Data Science,4,7,82.6,2.7,42.8,47.9,77.3,80.0,71.1,0,7.7,57.3,Average,Medium Risk,75-90% (Good),2-5 Hrs (Moderate),6.0
STU1137,Varun Sharma,18,Male,Information Technology,1,1,73.0,8.5,90.2,67.5,71.6,83.1,84.3,0,6.3,79.1,Good,Low Risk,50-75% (Warning),>8 Hrs (Intense),8.0
STU1138,Arjun Iyer,18,Male,Data Science,1,2,57.9,5.6,54.8,46.8,28.2,48.0,44.0,2,5.4,41.2,At Risk,High Risk,50-75% (Warning),5-8 Hrs (High),4.0
STU1139,Rahul Patel,18,Male,Artificial Intelligence & Machine Learning,1,2,46.6,5.7,50.5,44.7,43.6,41.1,27.8,1,4.4,43.0,At Risk,High Risk,<50% (Critical),5-8 Hrs (High),4.0
STU1140,Siddharth Agarwal,21,Female,Computer Science and Engineering,4,7,56.8,4.4,70.9,47.4,47.9,41.7,41.5,1,5.5,46.4,At Risk,High Risk,50-75% (Warning),2-5 Hrs (Moderate),4.0
STU1141,Aditi Kumar,22,Female,Artificial Intelligence & Machine Learning,4,7,46.0,12.0,53.5,56.3,60.8,53.4,47.6,0,6.9,56.2,Average,Medium Risk,<50% (Critical),>8 Hrs (Intense),6.0
STU1142,Aniket Kumar,20,Male,Artificial Intelligence & Machine Learning,3,6,57.6,8.9,52.3,63.8,59.3,62.4,51.9,0,8.7,66.0,Average,Medium Risk,50-75% (Warning),>8 Hrs (Intense),7.0
STU1143,Siddharth Patel,21,Female,Data Science,3,6,67.3,6.1,66.5,80.8,88.9,60.1,60.2,0,8.3,70.9,Good,Low Risk,50-75% (Warning),5-8 Hrs (High),8.0
STU1144,Siddharth Gupta,20,Male,Information Technology,3,5,48.4,4.9,48.0,34.3,62.0,39.6,19.3,5,7.1,29.1,At Risk,High Risk,<50% (Critical),2-5 Hrs (Moderate),4.0
STU1145,Pranav Kumar,18,Male,Computer Science and Engineering,1,2,71.9,4.9,64.3,72.7,55.9,54.5,62.8,1,6.4,60.1,Average,Medium Risk,50-75% (Warning),2-5 Hrs (Moderate),7.0
STU1146,Tanvi Kumar,21,Male,Computer Science and Engineering,4,7,72.3,4.7,71.3,49.9,75.0,60.3,80.0,1,7.1,66.4,Average,Medium Risk,50-75% (Warning),2-5 Hrs (Moderate),7.0
STU1147,Gaurav Rao,19,Female,Artificial Intelligence & Machine Learning,2,3,52.8,6.0,100.0,57.8,80.5,65.5,60.4,0,6.1,73.7,Good,Low Risk,50-75% (Warning),5-8 Hrs (High),8.0
STU1148,Siddharth Rao,19,Female,Artificial Intelligence & Machine Learning,2,3,100.0,8.6,51.3,77.0,72.5,86.0,88.0,0,9.0,69.4,Average,Medium Risk,>90% (Excellent),>8 Hrs (Intense),7.0
STU1149,Sanjana Das,20,Male,Computer Science and Engineering,3,5,87.9,7.6,86.9,70.3,89.7,84.6,83.9,0,6.6,75.4,Good,Low Risk,75-90% (Good),5-8 Hrs (High),8.0
STU1150,Tanya Agarwal,18,Female,Computer Science and Engineering,1,2,45.6,7.2,50.1,56.7,54.5,31.7,44.2,0,6.7,54.5,Average,Medium Risk,<50% (Critical),5-8 Hrs (High),6.0
STU1151,Vedant Kulkarni,18,Male,Computer Science and Engineering,1,2,86.6,10.6,75.3,51.6,100.0,87.7,86.9,0,3.9,75.6,Good,Low Risk,75-90% (Good),>8 Hrs (Intense),8.0
STU1152,Aarav Joshi,20,Female,Computer Science and Engineering,3,5,72.5,9.7,62.7,83.9,49.7,69.9,66.9,0,6.5,67.1,Average,Medium Risk,50-75% (Warning),>8 Hrs (Intense),7.0
STU1153,Shruti Kulkarni,18,Female,Artificial Intelligence & Machine Learning,1,1,54.5,4.8,53.0,67.9,54.0,48.4,45.6,0,7.9,60.1,Average,Medium Risk,50-75% (Warning),2-5 Hrs (Moderate),7.0
STU1154,Karan Sharma,20,Female,Data Science,3,5,53.5,5.8,69.2,31.2,48.9,47.1,35.3,1,5.4,45.3,At Risk,High Risk,50-75% (Warning),5-8 Hrs (High),4.0
STU1155,Aditya Das,18,Male,Computer Science and Engineering,1,1,80.3,10.3,92.1,65.4,87.0,84.5,72.5,1,5.8,77.2,Good,Low Risk,75-90% (Good),>8 Hrs (Intense),8.0
STU1156,Tanya Deshmukh,19,Female,Data Science,2,3,51.6,4.7,57.1,74.2,70.1,43.1,47.6,1,7.8,60.7,Average,Medium Risk,50-75% (Warning),2-5 Hrs (Moderate),7.0
STU1157,Aniket Deshmukh,19,Female,Computer Science and Engineering,2,4,54.2,4.9,75.6,50.9,59.8,42.2,45.4,2,4.9,47.2,At Risk,High Risk,50-75% (Warning),2-5 Hrs (Moderate),4.0
STU1158,Bhavya Singh,20,Male,Computer Science and Engineering,2,4,44.0,9.0,45.9,48.6,42.0,60.8,45.1,0,8.2,56.1,Average,Medium Risk,<50% (Critical),>8 Hrs (Intense),6.0
STU1159,Shruti Sharma,20,Female,Data Science,3,6,74.1,7.8,57.3,41.8,78.7,67.1,69.2,0,6.1,58.7,Average,Medium Risk,50-75% (Warning),5-8 Hrs (High),6.0
STU1160,Dev Agarwal,19,Male,Information Technology,2,4,59.0,6.2,31.4,45.9,60.2,52.1,55.3,1,6.3,49.1,At Risk,High Risk,50-75% (Warning),5-8 Hrs (High),4.0
STU1161,Aman Nair,21,Female,Artificial Intelligence & Machine Learning,3,5,90.0,7.2,73.5,76.9,55.1,96.3,92.1,0,5.3,79.8,Good,Low Risk,75-90% (Good),5-8 Hrs (High),8.0
STU1162,Vedant Verma,19,Male,Computer Science and Engineering,2,3,74.5,4.3,65.6,70.4,62.0,97.4,62.5,0,7.3,59.7,Average,Medium Risk,50-75% (Warning),2-5 Hrs (Moderate),6.0
STU1163,Rohan Nair,20,Female,Information Technology,3,5,93.1,8.3,86.1,67.8,64.0,82.7,70.3,0,10.0,72.0,Good,Low Risk,>90% (Excellent),>8 Hrs (Intense),8.0
STU1164,Manish Reddy,21,Female,Artificial Intelligence & Machine Learning,4,7,57.6,6.2,64.9,43.0,53.5,60.6,47.8,0,7.8,58.5,Average,Medium Risk,50-75% (Warning),5-8 Hrs (High),6.0
STU1165,Varun Verma,20,Male,Artificial Intelligence & Machine Learning,3,5,87.5,6.1,60.8,79.1,62.1,78.1,75.4,0,5.7,75.5,Good,Low Risk,75-90% (Good),5-8 Hrs (High),8.0
STU1166,Varun Gupta,18,Male,Data Science,1,2,33.6,4.8,59.4,60.2,59.0,29.9,12.5,1,8.3,46.1,At Risk,High Risk,<50% (Critical),2-5 Hrs (Moderate),4.0
STU1167,Rohan Saxena,18,Male,Data Science,1,1,73.2,5.7,83.0,60.9,80.0,70.8,83.1,0,6.4,67.7,Average,Medium Risk,50-75% (Warning),5-8 Hrs (High),7.0
STU1168,Isha Mehta,19,Male,Computer Science and Engineering,2,4,78.3,7.4,92.9,98.2,68.2,73.6,76.2,0,8.6,86.2,Excellent,Low Risk,75-90% (Good),5-8 Hrs (High),9.0
STU1169,Tanya Sharma,20,Male,Computer Science and Engineering,3,6,41.5,3.6,14.1,28.7,41.6,30.2,30.2,2,7.8,29.4,At Risk,High Risk,<50% (Critical),2-5 Hrs (Moderate),4.0
STU1170,Aditi Mehta,19,Female,Computer Science and Engineering,1,2,79.7,8.0,70.3,78.4,48.0,62.6,80.1,0,3.0,58.3,Average,Medium Risk,75-90% (Good),5-8 Hrs (High),6.0
STU1171,Aditya Kumar,20,Male,Computer Science and Engineering,2,4,70.3,5.8,51.9,60.8,65.8,73.7,52.8,0,5.5,55.4,Average,Medium Risk,50-75% (Warning),5-8 Hrs (High),6.0
STU1172,Aman Agarwal,20,Male,Data Science,3,5,55.4,2.2,41.0,11.0,33.2,46.7,46.5,1,8.0,29.4,At Risk,High Risk,50-75% (Warning),2-5 Hrs (Moderate),4.0
STU1173,Neha Iyer,19,Female,Artificial Intelligence & Machine Learning,2,4,52.6,4.5,68.0,58.6,56.3,56.5,46.8,1,7.0,55.5,Average,Medium Risk,50-75% (Warning),2-5 Hrs (Moderate),6.0
STU1174,Aditi Bhat,21,Male,Data Science,4,8,63.8,5.3,60.6,69.9,63.7,55.8,51.3,1,5.5,57.1,Average,Medium Risk,50-75% (Warning),5-8 Hrs (High),6.0
STU1175,Aditi Bhat,18,Female,Computer Science and Engineering,1,2,57.1,7.0,50.3,45.5,63.0,51.4,40.9,1,6.0,52.9,Average,Medium Risk,50-75% (Warning),5-8 Hrs (High),6.0
STU1176,Siddharth Kumar,18,Female,Information Technology,1,1,91.1,10.1,78.0,72.3,92.0,90.0,95.3,0,4.3,78.5,Good,Low Risk,>90% (Excellent),>8 Hrs (Intense),8.0
STU1177,Rhea Kulkarni,20,Female,Information Technology,3,5,60.2,5.3,46.1,56.9,58.4,48.5,48.1,1,6.7,40.7,At Risk,High Risk,50-75% (Warning),5-8 Hrs (High),4.0
STU1178,Aman Verma,20,Female,Artificial Intelligence & Machine Learning,2,3,82.9,7.1,95.1,48.3,85.3,82.0,83.5,0,9.7,71.3,Good,Low Risk,75-90% (Good),5-8 Hrs (High),8.0
STU1179,Varun Chaudhary,20,Female,Information Technology,3,6,65.6,6.4,57.2,76.7,52.0,53.7,35.2,0,7.8,61.2,Average,Medium Risk,50-75% (Warning),5-8 Hrs (High),7.0
STU1180,Vedant Das,19,Male,Data Science,2,4,84.6,6.1,83.3,59.8,72.3,73.1,83.6,0,9.6,69.1,Average,Medium Risk,75-90% (Good),5-8 Hrs (High),7.0
STU1181,Aarav Reddy,18,Male,Information Technology,1,1,37.5,3.4,42.3,50.1,50.9,18.2,41.8,1,7.9,34.2,At Risk,High Risk,<50% (Critical),2-5 Hrs (Moderate),4.0
STU1182,Pooja Patel,21,Male,Computer Science and Engineering,4,8,61.2,8.6,56.4,58.3,58.5,69.4,53.5,0,8.1,52.0,Average,Medium Risk,50-75% (Warning),>8 Hrs (Intense),6.0
STU1183,Aditi Verma,22,Female,Data Science,4,7,39.3,6.6,45.5,65.2,29.5,33.6,32.9,2,9.4,36.1,At Risk,High Risk,<50% (Critical),5-8 Hrs (High),4.0
STU1184,Sharad Patel,20,Male,Computer Science and Engineering,3,5,38.8,7.3,76.3,70.5,69.5,55.2,46.0,0,7.3,67.9,Average,Medium Risk,<50% (Critical),5-8 Hrs (High),7.0
STU1185,Varun Saxena,19,Female,Computer Science and Engineering,2,4,78.9,5.6,67.0,70.0,76.5,85.8,92.3,0,6.6,77.2,Good,Low Risk,75-90% (Good),5-8 Hrs (High),8.0
STU1186,Aniket Verma,20,Other,Computer Science and Engineering,3,6,69.5,6.6,68.3,48.8,51.7,54.3,40.0,0,8.1,61.9,Average,Medium Risk,50-75% (Warning),5-8 Hrs (High),7.0
STU1187,Varun Saxena,19,Female,Data Science,2,4,44.8,5.8,40.5,50.1,26.9,29.8,41.8,0,8.7,37.3,At Risk,High Risk,<50% (Critical),5-8 Hrs (High),4.0
STU1188,Akash Bhat,18,Female,Artificial Intelligence & Machine Learning,1,2,38.4,5.5,41.8,36.7,77.3,63.1,29.7,3,6.2,33.1,At Risk,High Risk,<50% (Critical),5-8 Hrs (High),4.0
STU1189,Gaurav Das,21,Male,Data Science,4,7,66.4,9.6,63.4,75.1,73.0,80.0,59.2,1,5.9,70.1,Good,Low Risk,50-75% (Warning),>8 Hrs (Intense),8.0
STU1190,Neha Verma,18,Female,Computer Science and Engineering,1,1,23.2,7.2,39.5,34.9,46.6,26.6,22.1,0,7.0,41.0,At Risk,High Risk,<50% (Critical),5-8 Hrs (High),4.0
STU1191,Rishabh Banerjee,21,Female,Artificial Intelligence & Machine Learning,4,7,86.8,10.2,69.2,82.1,53.2,82.2,67.2,0,7.9,75.6,Good,Low Risk,75-90% (Good),>8 Hrs (Intense),8.0
STU1192,Rohan Patel,19,Male,Data Science,2,3,32.7,4.9,35.9,46.2,35.9,26.7,28.4,1,7.8,25.3,At Risk,High Risk,<50% (Critical),2-5 Hrs (Moderate),4.0
STU1193,Ananya Sharma,18,Male,Data Science,1,1,73.1,6.8,67.5,63.4,71.9,68.8,46.7,0,4.9,62.2,Average,Medium Risk,50-75% (Warning),5-8 Hrs (High),7.0
STU1194,Vikram Bhat,20,Female,Artificial Intelligence & Machine Learning,3,6,80.1,9.5,66.6,66.6,67.1,69.1,77.1,0,9.3,70.0,Good,Low Risk,75-90% (Good),>8 Hrs (Intense),8.0
STU1195,Aniket Rao,21,Female,Computer Science and Engineering,4,7,48.9,6.8,58.0,36.2,51.2,32.9,26.3,2,6.0,42.0,At Risk,High Risk,<50% (Critical),5-8 Hrs (High),4.0
STU1196,Rahul Das,20,Female,Computer Science and Engineering,3,5,63.2,7.0,81.0,62.8,78.5,55.9,65.5,0,6.5,72.4,Good,Low Risk,50-75% (Warning),5-8 Hrs (High),8.0
STU1197,Gaurav Agarwal,22,Female,Information Technology,4,7,38.4,2.2,47.5,41.6,26.1,31.0,23.7,2,5.6,28.8,At Risk,High Risk,<50% (Critical),2-5 Hrs (Moderate),4.0
STU1198,Meera Kumar,21,Female,Computer Science and Engineering,3,6,57.5,7.3,66.4,66.6,82.6,49.5,41.1,0,10.0,66.3,Average,Medium Risk,50-75% (Warning),5-8 Hrs (High),7.0
STU1199,Vedant Singh,21,Male,Data Science,3,6,64.2,4.0,54.8,74.4,76.8,60.7,56.8,0,7.1,64.8,Average,Medium Risk,50-75% (Warning),2-5 Hrs (Moderate),7.0
STU1200,Dev Rao,21,Male,Information Technology,4,8,69.8,7.5,55.7,76.9,65.8,62.0,48.0,1,5.7,65.8,Average,Medium Risk,50-75% (Warning),5-8 Hrs (High),7.0
STU1201,Aniket Agarwal,18,Male,Artificial Intelligence & Machine Learning,1,2,53.6,9.7,66.0,59.8,63.3,52.7,54.0,1,7.9,60.2,Average,Medium Risk,50-75% (Warning),>8 Hrs (Intense),7.0
STU1202,Meera Rao,19,Male,Computer Science and Engineering,2,3,43.6,3.2,62.7,57.6,35.5,56.8,31.4,0,7.8,47.7,At Risk,High Risk,<50% (Critical),2-5 Hrs (Moderate),4.0
STU1203,Sneha Agarwal,18,Female,Computer Science and Engineering,1,1,81.4,10.9,77.1,76.1,56.2,82.0,76.5,0,6.6,73.3,Good,Low Risk,75-90% (Good),>8 Hrs (Intense),8.0
STU1204,Aditya Banerjee,22,Female,Computer Science and Engineering,4,8,27.2,5.0,34.2,5.5,19.6,22.8,10.9,2,7.9,15.1,At Risk,High Risk,<50% (Critical),2-5 Hrs (Moderate),4.0
STU1205,Pranav Kumar,21,Female,Data Science,4,8,45.0,4.2,59.7,69.8,52.5,49.9,33.9,0,5.7,56.7,Average,Medium Risk,<50% (Critical),2-5 Hrs (Moderate),6.0
STU1206,Zoya Verma,18,Male,Data Science,1,1,63.8,6.5,50.0,58.6,50.2,61.6,54.3,1,6.2,53.2,Average,Medium Risk,50-75% (Warning),5-8 Hrs (High),6.0
STU1207,Pooja Patel,20,Female,Computer Science and Engineering,3,5,96.0,8.5,78.2,92.6,60.6,100.0,74.3,0,4.2,80.7,Good,Low Risk,>90% (Excellent),>8 Hrs (Intense),9.0
STU1208,Sharad Verma,21,Female,Information Technology,4,8,69.3,9.6,82.6,50.2,65.4,65.2,61.4,0,5.1,72.5,Good,Low Risk,50-75% (Warning),>8 Hrs (Intense),8.0
STU1209,Aditya Deshmukh,18,Female,Data Science,1,2,39.5,5.9,49.4,57.2,50.0,32.2,16.5,1,9.1,45.4,At Risk,High Risk,<50% (Critical),5-8 Hrs (High),4.0
STU1210,Pooja Chaudhary,20,Female,Computer Science and Engineering,3,6,73.4,4.3,65.8,91.2,70.7,59.2,68.5,0,8.9,68.5,Average,Medium Risk,50-75% (Warning),2-5 Hrs (Moderate),7.0
STU1211,Pranav Chaudhary,21,Male,Data Science,4,8,54.5,8.3,63.3,51.7,44.5,54.4,70.0,0,6.9,59.2,Average,Medium Risk,50-75% (Warning),>8 Hrs (Intense),6.0
STU1212,Varun Iyer,18,Male,Artificial Intelligence & Machine Learning,1,1,62.2,5.6,53.2,66.3,56.0,66.0,80.0,1,9.0,50.0,Average,Medium Risk,50-75% (Warning),5-8 Hrs (High),6.0
STU1213,Arjun Chaudhary,20,Male,Computer Science and Engineering,3,5,50.5,4.3,37.7,42.6,27.6,53.9,39.3,3,6.6,24.0,At Risk,High Risk,50-75% (Warning),2-5 Hrs (Moderate),4.0
STU1214,Vedant Das,19,Male,Computer Science and Engineering,2,3,64.9,4.3,51.8,35.9,66.0,66.7,60.4,2,6.5,46.8,At Risk,High Risk,50-75% (Warning),2-5 Hrs (Moderate),4.0
STU1215,Tarun Bhat,22,Male,Artificial Intelligence & Machine Learning,4,8,64.4,12.0,91.2,89.1,91.1,57.6,47.7,0,6.9,86.4,Excellent,Low Risk,50-75% (Warning),>8 Hrs (Intense),9.0
STU1216,Tanya Iyer,22,Female,Data Science,4,8,82.1,11.4,84.6,96.5,74.0,94.5,92.7,0,6.6,81.2,Good,Low Risk,75-90% (Good),>8 Hrs (Intense),9.0
STU1217,Nikhil Chaudhary,21,Female,Data Science,4,7,54.1,5.2,50.5,54.6,52.8,40.2,57.2,0,6.5,49.9,At Risk,High Risk,50-75% (Warning),5-8 Hrs (High),4.0
STU1218,Tarun Iyer,19,Female,Data Science,2,3,68.1,4.4,83.6,77.9,58.4,72.8,54.0,0,8.3,65.1,Average,Medium Risk,50-75% (Warning),2-5 Hrs (Moderate),7.0
STU1219,Aarav Nair,21,Female,Computer Science and Engineering,4,7,76.7,6.6,72.6,47.6,40.3,70.4,78.1,0,7.0,55.8,Average,Medium Risk,75-90% (Good),5-8 Hrs (High),6.0
STU1220,Gaurav Singh,21,Male,Computer Science and Engineering,4,7,84.1,7.5,51.2,45.3,67.3,82.1,65.5,0,7.7,65.6,Average,Medium Risk,75-90% (Good),5-8 Hrs (High),7.0
STU1221,Siddharth Nair,19,Female,Data Science,2,4,48.3,5.8,50.7,53.8,49.8,35.7,36.9,1,8.1,49.1,At Risk,High Risk,<50% (Critical),5-8 Hrs (High),4.0
STU1222,Sanjana Singh,22,Male,Computer Science and Engineering,4,7,40.9,6.8,49.8,45.6,58.4,47.4,38.7,3,7.3,38.8,At Risk,High Risk,<50% (Critical),5-8 Hrs (High),4.0
STU1223,Rhea Gupta,18,Male,Computer Science and Engineering,1,1,96.3,10.0,96.3,69.8,64.1,80.3,71.8,0,5.5,76.8,Good,Low Risk,>90% (Excellent),>8 Hrs (Intense),8.0
STU1224,Utkarsh Gupta,21,Male,Artificial Intelligence & Machine Learning,3,5,48.2,6.0,35.8,53.0,37.4,36.8,47.6,2,5.0,31.4,At Risk,High Risk,<50% (Critical),5-8 Hrs (High),4.0
STU1225,Tanvi Saxena,18,Male,Information Technology,1,1,100.0,9.9,94.9,91.1,65.0,89.6,77.0,0,7.0,92.3,Excellent,Low Risk,>90% (Excellent),>8 Hrs (Intense),10.0
STU1226,Yash Das,18,Male,Artificial Intelligence & Machine Learning,1,1,41.5,1.0,55.2,47.4,27.1,20.6,20.0,3,6.6,29.3,At Risk,High Risk,<50% (Critical),<2 Hrs (Low),4.0
STU1227,Arjun Das,18,Male,Information Technology,1,1,74.2,8.9,77.8,82.1,67.9,79.7,62.4,1,6.9,68.6,Average,Medium Risk,50-75% (Warning),>8 Hrs (Intense),7.0
STU1228,Meera Kumar,21,Male,Computer Science and Engineering,3,5,42.8,7.8,56.2,63.6,68.9,58.9,47.8,1,6.8,59.3,Average,Medium Risk,<50% (Critical),5-8 Hrs (High),6.0
STU1229,Sharad Saxena,19,Female,Information Technology,2,4,19.1,3.4,30.5,31.5,30.5,40.2,10.7,4,10.0,12.7,At Risk,High Risk,<50% (Critical),2-5 Hrs (Moderate),4.0
STU1230,Aditi Rao,20,Male,Computer Science and Engineering,3,6,88.6,9.3,75.7,100.0,77.2,86.7,63.5,0,5.1,83.2,Good,Low Risk,75-90% (Good),>8 Hrs (Intense),9.0
STU1231,Aarav Patel,18,Male,Information Technology,1,2,84.4,6.6,68.3,57.2,62.1,87.4,63.9,0,4.2,65.9,Average,Medium Risk,75-90% (Good),5-8 Hrs (High),7.0
STU1232,Isha Sharma,19,Male,Information Technology,2,4,92.0,5.3,75.0,91.9,51.2,85.5,74.1,0,7.2,70.8,Good,Low Risk,>90% (Excellent),5-8 Hrs (High),8.0
STU1233,Ananya Kumar,20,Female,Artificial Intelligence & Machine Learning,3,5,78.4,6.7,78.0,65.6,63.1,77.4,53.8,0,6.3,66.8,Average,Medium Risk,75-90% (Good),5-8 Hrs (High),7.0
STU1234,Aman Joshi,21,Male,Information Technology,4,8,78.9,7.1,56.8,45.6,69.4,69.6,52.9,0,7.2,61.2,Average,Medium Risk,75-90% (Good),5-8 Hrs (High),7.0
STU1235,Varun Mehta,19,Male,Data Science,2,4,46.7,4.1,34.9,68.0,38.1,46.5,61.4,0,7.6,45.3,At Risk,High Risk,<50% (Critical),2-5 Hrs (Moderate),4.0
STU1236,Dev Kulkarni,20,Male,Computer Science and Engineering,3,5,48.7,5.9,62.0,61.4,69.9,54.5,36.7,0,8.5,61.9,Average,Medium Risk,<50% (Critical),5-8 Hrs (High),7.0
STU1237,Yash Verma,21,Male,Data Science,4,7,78.0,5.2,69.6,75.0,54.5,68.3,61.9,0,4.8,73.9,Good,Low Risk,75-90% (Good),5-8 Hrs (High),8.0
STU1238,Pooja Agarwal,20,Male,Data Science,3,6,48.1,6.1,48.0,56.5,37.7,40.8,33.0,0,6.1,43.9,At Risk,High Risk,<50% (Critical),5-8 Hrs (High),4.0
STU1239,Meera Kulkarni,18,Male,Computer Science and Engineering,1,2,77.6,7.3,70.7,76.7,78.4,75.8,64.3,1,7.4,63.0,Average,Medium Risk,75-90% (Good),5-8 Hrs (High),7.0
STU1240,Aditya Deshmukh,18,Male,Data Science,1,1,62.3,8.3,59.2,48.2,48.0,64.2,57.6,0,7.8,46.5,At Risk,High Risk,50-75% (Warning),>8 Hrs (Intense),4.0
STU1241,Pranav Joshi,21,Male,Information Technology,4,8,40.0,6.0,54.7,47.0,38.0,24.2,38.3,3,9.7,31.9,At Risk,High Risk,<50% (Critical),5-8 Hrs (High),4.0
STU1242,Rohan Bhat,18,Male,Computer Science and Engineering,1,1,80.5,6.4,68.1,62.2,58.6,73.1,62.4,0,8.0,61.9,Average,Medium Risk,75-90% (Good),5-8 Hrs (High),7.0
STU1243,Vedant Bhat,22,Female,Artificial Intelligence & Machine Learning,4,7,82.1,4.9,61.9,71.8,65.2,90.6,54.7,1,6.7,64.7,Average,Medium Risk,75-90% (Good),2-5 Hrs (Moderate),7.0
STU1244,Rohan Chaudhary,20,Female,Information Technology,3,5,59.5,1.4,48.9,25.1,23.4,62.9,60.4,2,5.6,29.7,At Risk,High Risk,50-75% (Warning),<2 Hrs (Low),4.0
STU1245,Gaurav Iyer,21,Male,Information Technology,4,7,62.8,2.5,52.0,56.1,29.8,66.6,48.6,1,6.1,36.6,At Risk,High Risk,50-75% (Warning),2-5 Hrs (Moderate),4.0
STU1246,Bhavya Agarwal,21,Male,Information Technology,4,8,51.1,1.8,63.5,35.9,52.5,44.5,56.5,2,6.0,30.8,At Risk,High Risk,50-75% (Warning),<2 Hrs (Low),4.0
STU1247,Zoya Singh,21,Female,Data Science,4,7,53.3,8.3,57.2,76.3,69.5,54.4,24.0,0,7.7,65.3,Average,Medium Risk,50-75% (Warning),>8 Hrs (Intense),7.0
STU1248,Rishabh Sharma,19,Male,Information Technology,2,3,55.4,4.6,48.1,52.3,35.4,56.0,44.3,4,7.1,33.4,At Risk,High Risk,50-75% (Warning),2-5 Hrs (Moderate),4.0
STU1249,Tarun Nair,21,Male,Artificial Intelligence & Machine Learning,4,8,40.1,6.3,52.4,57.4,52.3,54.2,56.9,2,5.1,43.2,At Risk,High Risk,<50% (Critical),5-8 Hrs (High),4.0
STU1250,Pranav Agarwal,19,Female,Computer Science and Engineering,2,3,66.6,1.3,65.8,57.7,56.3,43.4,48.8,2,6.2,40.0,At Risk,High Risk,50-75% (Warning),<2 Hrs (Low),4.0
STU1251,Yash Gupta,19,Male,Data Science,2,4,31.0,2.2,67.0,31.9,53.7,19.9,25.1,2,7.9,35.8,At Risk,High Risk,<50% (Critical),2-5 Hrs (Moderate),4.0
STU1252,Sanjana Banerjee,20,Male,Artificial Intelligence & Machine Learning,3,6,88.0,10.4,85.6,99.8,54.7,97.6,81.3,0,7.3,89.1,Excellent,Low Risk,75-90% (Good),>8 Hrs (Intense),9.0
STU1253,Yash Bhat,21,Male,Computer Science and Engineering,4,8,48.3,6.3,59.5,79.9,46.0,45.9,37.7,2,7.5,52.2,Average,Medium Risk,<50% (Critical),5-8 Hrs (High),6.0
STU1254,Sanjana Bhat,21,Female,Data Science,4,7,94.1,8.9,83.9,87.7,77.5,87.2,80.1,0,7.3,80.2,Good,Low Risk,>90% (Excellent),>8 Hrs (Intense),9.0
STU1255,Sneha Kulkarni,21,Male,Artificial Intelligence & Machine Learning,4,8,57.4,6.8,34.3,74.6,64.6,44.2,45.1,1,8.9,54.8,Average,Medium Risk,50-75% (Warning),5-8 Hrs (High),6.0
STU1256,Nikhil Kulkarni,19,Female,Computer Science and Engineering,2,4,60.2,11.2,84.0,68.6,100.0,61.0,53.1,0,7.1,72.3,Good,Low Risk,50-75% (Warning),>8 Hrs (Intense),8.0
STU1257,Nikhil Verma,19,Other,Data Science,2,3,85.9,8.0,79.2,67.3,73.1,72.8,87.8,1,6.3,75.8,Good,Low Risk,75-90% (Good),5-8 Hrs (High),8.0
STU1258,Aditi Deshmukh,21,Male,Artificial Intelligence & Machine Learning,3,6,77.7,8.9,85.4,80.8,62.2,96.7,76.8,0,5.6,77.4,Good,Low Risk,75-90% (Good),>8 Hrs (Intense),8.0
STU1259,Yash Kulkarni,18,Male,Data Science,1,2,83.2,7.8,63.7,74.4,73.6,78.5,72.8,0,7.1,64.9,Average,Medium Risk,75-90% (Good),5-8 Hrs (High),7.0
STU1260,Meera Das,18,Male,Computer Science and Engineering,1,2,60.6,10.4,56.6,53.3,74.3,57.2,59.7,1,3.6,55.0,Average,Medium Risk,50-75% (Warning),>8 Hrs (Intense),6.0
STU1261,Zoya Reddy,19,Male,Computer Science and Engineering,2,4,78.9,3.8,68.1,77.1,71.5,81.0,65.8,0,6.6,71.8,Good,Low Risk,75-90% (Good),2-5 Hrs (Moderate),8.0
STU1262,Vedant Gupta,19,Male,Data Science,2,4,65.6,9.2,84.9,77.1,61.8,76.0,54.0,0,6.5,70.9,Good,Low Risk,50-75% (Warning),>8 Hrs (Intense),8.0
STU1263,Akash Bhat,19,Female,Information Technology,2,3,51.8,5.7,55.3,44.5,68.5,58.3,39.6,0,5.0,52.4,Average,Medium Risk,50-75% (Warning),5-8 Hrs (High),6.0
STU1264,Vedant Kulkarni,18,Female,Computer Science and Engineering,1,2,59.4,7.6,85.0,68.3,70.2,67.3,52.8,0,5.6,63.7,Average,Medium Risk,50-75% (Warning),5-8 Hrs (High),7.0
STU1265,Kavya Chaudhary,18,Female,Data Science,1,2,63.3,4.0,58.3,61.4,39.7,51.3,39.4,1,7.9,51.2,Average,Medium Risk,50-75% (Warning),2-5 Hrs (Moderate),6.0
STU1266,Priya Bhat,18,Male,Computer Science and Engineering,1,1,100.0,8.6,67.5,81.5,82.8,92.7,80.1,1,7.1,75.1,Good,Low Risk,>90% (Excellent),>8 Hrs (Intense),8.0
STU1267,Pranav Deshmukh,21,Female,Computer Science and Engineering,4,7,27.9,4.7,39.5,50.5,50.7,31.1,17.0,3,6.9,21.5,At Risk,High Risk,<50% (Critical),2-5 Hrs (Moderate),4.0
STU1268,Bhavya Saxena,19,Female,Artificial Intelligence & Machine Learning,2,3,79.3,12.0,59.0,48.8,77.7,69.0,86.6,0,7.2,67.5,Average,Medium Risk,75-90% (Good),>8 Hrs (Intense),7.0
STU1269,Arjun Patel,19,Female,Artificial Intelligence & Machine Learning,2,4,25.4,6.5,30.7,55.2,49.9,29.1,0.0,3,6.9,35.5,At Risk,High Risk,<50% (Critical),5-8 Hrs (High),4.0
STU1270,Aditya Gupta,21,Male,Computer Science and Engineering,3,5,56.1,5.7,84.9,53.1,62.6,61.9,51.3,0,8.4,59.4,Average,Medium Risk,50-75% (Warning),5-8 Hrs (High),6.0
STU1271,Neha Das,18,Female,Data Science,1,2,49.5,5.3,67.9,45.0,73.6,56.3,62.4,1,7.0,61.6,Average,Medium Risk,<50% (Critical),5-8 Hrs (High),7.0
STU1272,Vedant Bhat,21,Male,Computer Science and Engineering,4,8,41.7,4.9,63.6,48.0,41.7,29.1,40.4,1,4.9,44.7,At Risk,High Risk,<50% (Critical),2-5 Hrs (Moderate),4.0
STU1273,Isha Kumar,22,Male,Data Science,4,7,42.1,2.9,62.6,47.2,64.2,50.7,48.3,1,8.9,48.9,At Risk,High Risk,<50% (Critical),2-5 Hrs (Moderate),4.0
STU1274,Rahul Rao,18,Male,Artificial Intelligence & Machine Learning,1,1,66.5,5.6,47.5,52.4,42.9,60.3,56.6,1,7.3,47.5,At Risk,High Risk,50-75% (Warning),5-8 Hrs (High),4.0
STU1275,Rahul Reddy,19,Female,Computer Science and Engineering,2,4,72.3,9.0,67.9,68.7,83.5,77.6,58.1,0,6.0,72.7,Good,Low Risk,50-75% (Warning),>8 Hrs (Intense),8.0
STU1276,Tanvi Agarwal,21,Female,Computer Science and Engineering,4,7,75.9,5.0,78.1,78.1,64.6,79.2,43.0,0,5.2,68.6,Average,Medium Risk,75-90% (Good),2-5 Hrs (Moderate),7.0
STU1277,Rishabh Reddy,22,Male,Data Science,4,8,91.5,10.5,69.4,75.2,93.1,100.0,81.9,0,7.3,81.9,Good,Low Risk,>90% (Excellent),>8 Hrs (Intense),9.0
STU1278,Rishabh Mehta,19,Male,Information Technology,2,3,59.9,6.5,31.9,35.4,61.1,66.4,41.8,0,6.6,50.2,Average,Medium Risk,50-75% (Warning),5-8 Hrs (High),6.0
STU1279,Bhavya Agarwal,20,Male,Information Technology,3,5,76.9,5.7,65.4,79.5,51.0,83.5,57.0,0,8.8,62.2,Average,Medium Risk,75-90% (Good),5-8 Hrs (High),7.0
STU1280,Shruti Deshmukh,18,Male,Computer Science and Engineering,1,1,73.6,7.4,70.9,60.8,87.4,84.2,60.3,0,6.4,66.8,Average,Medium Risk,50-75% (Warning),5-8 Hrs (High),7.0
STU1281,Shruti Banerjee,22,Male,Artificial Intelligence & Machine Learning,4,8,42.5,8.5,58.6,53.8,73.8,45.7,56.6,0,5.7,53.7,Average,Medium Risk,<50% (Critical),>8 Hrs (Intense),6.0
STU1282,Vikram Singh,18,Male,Data Science,1,1,100.0,10.5,91.2,88.8,92.5,97.2,100.0,0,8.0,100.0,Excellent,Low Risk,>90% (Excellent),>8 Hrs (Intense),10.0
STU1283,Priya Rao,21,Female,Data Science,4,8,62.1,7.1,74.2,68.4,56.7,69.4,58.4,0,8.0,67.0,Average,Medium Risk,50-75% (Warning),5-8 Hrs (High),7.0
STU1284,Tanvi Gupta,20,Male,Artificial Intelligence & Machine Learning,3,6,69.9,8.0,80.7,90.3,72.5,78.9,61.4,0,7.0,78.9,Good,Low Risk,50-75% (Warning),5-8 Hrs (High),8.0
STU1285,Vedant Joshi,20,Male,Information Technology,3,6,63.5,6.8,76.8,68.5,64.6,59.4,43.8,0,7.7,61.0,Average,Medium Risk,50-75% (Warning),5-8 Hrs (High),7.0
STU1286,Siddharth Deshmukh,20,Male,Information Technology,3,6,24.9,2.3,24.1,24.8,28.9,25.3,24.3,4,6.8,13.8,At Risk,High Risk,<50% (Critical),2-5 Hrs (Moderate),4.0
STU1287,Vedant Saxena,19,Female,Data Science,1,1,77.9,4.8,84.6,100.0,97.9,79.0,89.4,1,7.1,82.0,Good,Low Risk,75-90% (Good),2-5 Hrs (Moderate),9.0
STU1288,Ananya Bhat,18,Female,Data Science,1,2,67.0,10.0,68.7,62.5,62.2,56.3,54.0,1,8.3,63.1,Average,Medium Risk,50-75% (Warning),>8 Hrs (Intense),7.0
STU1289,Pooja Singh,18,Female,Artificial Intelligence & Machine Learning,1,2,89.6,9.2,69.4,79.4,47.4,99.0,55.9,0,7.6,67.5,Average,Medium Risk,75-90% (Good),>8 Hrs (Intense),7.0
STU1290,Akash Bhat,18,Male,Computer Science and Engineering,1,1,55.3,7.4,50.2,74.7,67.3,56.8,57.5,0,6.6,63.6,Average,Medium Risk,50-75% (Warning),5-8 Hrs (High),7.0
STU1291,Yash Verma,22,Female,Data Science,4,8,76.0,8.4,71.2,80.8,72.5,93.9,79.8,1,8.6,70.7,Good,Low Risk,75-90% (Good),>8 Hrs (Intense),8.0
STU1292,Neha Bhat,19,Male,Data Science,2,3,100.0,8.4,81.4,92.6,85.1,86.0,73.1,0,3.7,80.0,Good,Low Risk,>90% (Excellent),>8 Hrs (Intense),9.0
STU1293,Siddharth Nair,18,Female,Artificial Intelligence & Machine Learning,1,2,69.2,6.0,70.3,90.4,56.4,60.4,59.7,0,9.5,71.9,Good,Low Risk,50-75% (Warning),5-8 Hrs (High),8.0
STU1294,Tanvi Nair,22,Female,Computer Science and Engineering,4,7,89.9,3.7,58.2,58.9,72.0,80.4,75.6,0,4.6,57.3,Average,Medium Risk,75-90% (Good),2-5 Hrs (Moderate),6.0
STU1295,Sneha Agarwal,22,Female,Computer Science and Engineering,4,8,87.6,11.6,63.0,66.2,83.0,91.2,72.6,0,6.0,79.6,Good,Low Risk,75-90% (Good),>8 Hrs (Intense),8.0
STU1296,Aniket Mehta,22,Female,Information Technology,4,7,81.2,4.6,60.3,65.8,67.8,78.2,59.0,1,6.7,64.7,Average,Medium Risk,75-90% (Good),2-5 Hrs (Moderate),7.0
STU1297,Yash Das,22,Female,Computer Science and Engineering,4,8,35.6,3.3,64.6,63.2,47.3,39.1,43.2,1,6.6,42.8,At Risk,High Risk,<50% (Critical),2-5 Hrs (Moderate),4.0
STU1298,Aman Rao,18,Male,Data Science,1,2,80.1,6.5,69.5,49.6,66.9,66.7,63.7,0,8.1,59.7,Average,Medium Risk,75-90% (Good),5-8 Hrs (High),6.0
STU1299,Rohan Joshi,19,Female,Computer Science and Engineering,2,3,67.2,9.2,65.0,41.2,65.0,56.2,43.8,0,5.4,58.0,Average,Medium Risk,50-75% (Warning),>8 Hrs (Intense),6.0
STU1300,Sneha Kumar,21,Male,Computer Science and Engineering,4,7,65.3,7.4,69.1,61.5,58.6,68.4,38.8,0,7.1,63.5,Average,Medium Risk,50-75% (Warning),5-8 Hrs (High),7.0
STU1301,Utkarsh Patel,21,Female,Computer Science and Engineering,3,5,88.0,6.7,95.2,62.0,87.2,76.8,91.5,0,6.0,78.0,Good,Low Risk,75-90% (Good),5-8 Hrs (High),8.0
STU1302,Yash Banerjee,18,Male,Computer Science and Engineering,1,1,77.9,9.0,58.1,58.5,69.1,68.1,70.7,0,7.2,68.2,Average,Medium Risk,75-90% (Good),>8 Hrs (Intense),7.0
STU1303,Vedant Verma,21,Male,Information Technology,4,8,59.5,6.6,67.6,57.5,70.9,57.9,48.8,1,6.7,66.4,Average,Medium Risk,50-75% (Warning),5-8 Hrs (High),7.0
STU1304,Priya Deshmukh,18,Male,Computer Science and Engineering,1,2,83.0,10.8,90.9,78.0,100.0,79.6,74.8,0,6.9,84.8,Good,Low Risk,75-90% (Good),>8 Hrs (Intense),9.0
STU1305,Varun Patel,18,Male,Information Technology,1,1,49.6,5.1,41.8,22.4,33.2,54.3,31.2,2,6.1,21.6,At Risk,High Risk,<50% (Critical),5-8 Hrs (High),4.0
STU1306,Rhea Kumar,20,Male,Data Science,3,6,70.8,12.0,100.0,75.5,83.7,82.3,54.6,0,6.1,86.7,Excellent,Low Risk,50-75% (Warning),>8 Hrs (Intense),9.0
STU1307,Vedant Sharma,21,Female,Data Science,3,5,62.9,10.0,49.7,68.1,46.8,46.6,48.5,0,7.2,66.6,Average,Medium Risk,50-75% (Warning),>8 Hrs (Intense),7.0
STU1308,Aditya Patel,21,Male,Data Science,3,5,79.2,7.4,76.1,58.4,86.0,72.8,51.1,0,8.0,73.3,Good,Low Risk,75-90% (Good),5-8 Hrs (High),8.0
STU1309,Nikhil Patel,18,Male,Data Science,1,2,80.3,11.5,67.3,88.6,71.4,62.7,65.6,0,6.0,73.4,Good,Low Risk,75-90% (Good),>8 Hrs (Intense),8.0
STU1310,Sanjana Iyer,21,Female,Artificial Intelligence & Machine Learning,4,8,64.2,6.1,65.2,62.7,41.4,51.5,48.3,2,5.7,48.8,At Risk,High Risk,50-75% (Warning),5-8 Hrs (High),4.0
STU1311,Utkarsh Singh,19,Male,Computer Science and Engineering,2,4,63.4,8.7,90.5,83.7,75.0,72.3,65.9,0,7.6,72.5,Good,Low Risk,50-75% (Warning),>8 Hrs (Intense),8.0
STU1312,Aditya Chaudhary,18,Female,Data Science,1,2,78.6,2.4,72.6,67.7,21.8,64.7,59.7,0,6.8,57.8,Average,Medium Risk,75-90% (Good),2-5 Hrs (Moderate),6.0
STU1313,Tarun Joshi,22,Female,Information Technology,4,8,24.5,4.1,60.5,71.2,25.3,30.0,31.8,2,7.9,31.8,At Risk,High Risk,<50% (Critical),2-5 Hrs (Moderate),4.0
STU1314,Rohan Gupta,21,Female,Information Technology,4,8,37.8,2.8,45.1,39.3,43.0,22.8,44.7,2,5.6,30.4,At Risk,High Risk,<50% (Critical),2-5 Hrs (Moderate),4.0
STU1315,Varun Das,21,Female,Information Technology,4,8,76.9,8.9,67.0,70.4,69.7,80.6,77.1,0,4.5,66.0,Average,Medium Risk,75-90% (Good),>8 Hrs (Intense),7.0
STU1316,Rahul Nair,22,Male,Data Science,4,7,86.6,10.2,60.0,70.7,70.3,79.6,80.0,0,6.1,73.9,Good,Low Risk,75-90% (Good),>8 Hrs (Intense),8.0
STU1317,Rhea Kumar,20,Female,Artificial Intelligence & Machine Learning,3,5,74.5,4.1,93.8,72.1,52.5,74.0,66.5,1,5.8,63.0,Average,Medium Risk,50-75% (Warning),2-5 Hrs (Moderate),7.0
STU1318,Aditi Singh,20,Male,Data Science,3,5,57.1,5.7,62.8,73.8,46.3,53.3,38.5,1,6.7,55.5,Average,Medium Risk,50-75% (Warning),5-8 Hrs (High),6.0
STU1319,Shruti Patel,18,Male,Data Science,1,1,54.8,6.9,46.4,32.0,54.0,38.9,51.0,3,6.0,36.1,At Risk,High Risk,50-75% (Warning),5-8 Hrs (High),4.0
STU1320,Aditi Verma,19,Female,Computer Science and Engineering,2,3,46.3,4.4,63.9,37.0,55.6,33.5,54.9,1,7.8,39.9,At Risk,High Risk,<50% (Critical),2-5 Hrs (Moderate),4.0
STU1321,Sharad Banerjee,19,Male,Data Science,2,4,91.3,9.0,62.8,87.6,70.3,92.9,79.5,0,6.4,81.4,Good,Low Risk,>90% (Excellent),>8 Hrs (Intense),9.0
STU1322,Neha Chaudhary,19,Female,Computer Science and Engineering,2,3,100.0,10.1,89.9,97.7,97.7,100.0,100.0,0,7.0,95.3,Excellent,Low Risk,>90% (Excellent),>8 Hrs (Intense),10.0
STU1323,Tarun Singh,20,Female,Computer Science and Engineering,3,5,95.0,9.4,79.3,75.9,83.8,100.0,67.2,0,7.0,77.8,Good,Low Risk,>90% (Excellent),>8 Hrs (Intense),8.0
STU1324,Vedant Bhat,20,Female,Information Technology,2,3,70.3,8.0,85.2,88.1,67.8,76.2,55.0,0,7.1,86.5,Excellent,Low Risk,50-75% (Warning),5-8 Hrs (High),9.0
STU1325,Dev Patel,18,Female,Computer Science and Engineering,1,1,69.7,5.0,68.5,71.5,63.7,69.5,69.9,0,6.8,68.0,Average,Medium Risk,50-75% (Warning),2-5 Hrs (Moderate),7.0
STU1326,Tanya Agarwal,18,Male,Computer Science and Engineering,1,1,88.3,7.6,72.8,100.0,68.5,76.7,84.3,0,7.5,80.3,Good,Low Risk,75-90% (Good),5-8 Hrs (High),9.0
STU1327,Sneha Patel,20,Male,Computer Science and Engineering,3,5,33.3,5.6,48.2,44.8,44.2,29.9,41.9,1,5.8,45.7,At Risk,High Risk,<50% (Critical),5-8 Hrs (High),4.0
STU1328,Sharad Das,18,Female,Information Technology,1,1,78.4,7.6,82.5,82.9,83.4,75.7,67.9,0,8.6,87.6,Excellent,Low Risk,75-90% (Good),5-8 Hrs (High),9.0
STU1329,Yash Verma,21,Male,Data Science,4,8,76.0,8.3,78.9,100.0,85.4,93.4,61.5,0,6.5,83.8,Good,Low Risk,75-90% (Good),>8 Hrs (Intense),9.0
STU1330,Sanjana Bhat,19,Female,Data Science,2,4,54.7,3.7,56.5,52.5,63.6,53.2,40.1,1,5.1,51.4,Average,Medium Risk,50-75% (Warning),2-5 Hrs (Moderate),6.0
STU1331,Rohan Chaudhary,19,Female,Artificial Intelligence & Machine Learning,2,3,54.2,6.3,55.5,64.6,60.4,68.2,35.2,0,7.0,53.8,Average,Medium Risk,50-75% (Warning),5-8 Hrs (High),6.0
STU1332,Karan Nair,21,Female,Artificial Intelligence & Machine Learning,3,6,86.6,8.6,64.9,71.7,79.3,83.0,58.2,0,5.7,73.7,Good,Low Risk,75-90% (Good),>8 Hrs (Intense),8.0
STU1333,Arjun Das,21,Male,Computer Science and Engineering,4,8,49.7,5.4,54.1,53.5,56.0,44.3,54.7,0,7.7,51.4,Average,Medium Risk,<50% (Critical),5-8 Hrs (High),6.0
STU1334,Zoya Deshmukh,19,Male,Artificial Intelligence & Machine Learning,2,4,49.7,2.1,56.4,74.1,64.6,45.2,48.0,2,9.7,49.8,At Risk,High Risk,<50% (Critical),2-5 Hrs (Moderate),4.0
STU1335,Pranav Mehta,21,Male,Artificial Intelligence & Machine Learning,3,6,98.1,10.6,84.8,86.2,82.2,97.8,89.7,0,5.8,89.3,Excellent,Low Risk,>90% (Excellent),>8 Hrs (Intense),9.0
STU1336,Aarav Kumar,20,Male,Artificial Intelligence & Machine Learning,3,5,50.9,5.4,65.0,52.1,64.5,42.1,27.4,1,7.2,53.8,Average,Medium Risk,50-75% (Warning),5-8 Hrs (High),6.0
STU1337,Bhavya Patel,19,Female,Computer Science and Engineering,2,4,66.6,5.6,67.8,44.1,72.6,57.0,49.8,0,4.5,59.0,Average,Medium Risk,50-75% (Warning),5-8 Hrs (High),6.0
STU1338,Meera Singh,21,Male,Information Technology,4,8,44.9,8.9,66.6,70.4,55.4,44.6,29.5,0,7.4,54.6,Average,Medium Risk,<50% (Critical),>8 Hrs (Intense),6.0
STU1339,Kavya Das,21,Male,Data Science,4,8,82.5,6.5,67.1,72.6,65.0,87.8,78.5,1,5.6,62.9,Average,Medium Risk,75-90% (Good),5-8 Hrs (High),7.0
STU1340,Isha Banerjee,20,Male,Computer Science and Engineering,3,5,75.6,8.3,63.2,65.8,86.7,57.9,61.1,0,6.0,68.7,Average,Medium Risk,75-90% (Good),>8 Hrs (Intense),7.0
STU1341,Rhea Sharma,21,Female,Data Science,4,7,72.5,6.1,76.8,82.7,73.2,83.8,56.1,0,5.4,72.6,Good,Low Risk,50-75% (Warning),5-8 Hrs (High),8.0
STU1342,Manish Banerjee,21,Female,Computer Science and Engineering,4,7,78.1,8.1,73.3,59.5,60.7,71.5,71.5,0,7.8,71.6,Good,Low Risk,75-90% (Good),>8 Hrs (Intense),8.0
STU1343,Siddharth Agarwal,20,Male,Computer Science and Engineering,3,5,100.0,10.6,83.1,88.5,100.0,87.3,81.9,0,8.1,86.2,Excellent,Low Risk,>90% (Excellent),>8 Hrs (Intense),9.0
STU1344,Vikram Mehta,21,Male,Artificial Intelligence & Machine Learning,4,7,67.3,4.8,68.5,76.2,64.6,77.7,76.3,0,6.8,65.8,Average,Medium Risk,50-75% (Warning),2-5 Hrs (Moderate),7.0
STU1345,Aditi Bhat,20,Male,Computer Science and Engineering,3,5,79.6,9.6,74.7,100.0,84.4,88.8,67.7,0,5.7,89.4,Excellent,Low Risk,75-90% (Good),>8 Hrs (Intense),9.0
STU1346,Varun Sharma,20,Male,Data Science,3,5,59.6,6.4,42.4,50.4,73.8,67.7,37.7,1,8.9,51.3,Average,Medium Risk,50-75% (Warning),5-8 Hrs (High),6.0
STU1347,Rhea Kulkarni,20,Female,Data Science,3,6,53.3,6.9,59.7,49.1,57.1,61.9,28.6,2,5.8,49.1,At Risk,High Risk,50-75% (Warning),5-8 Hrs (High),4.0
STU1348,Rahul Patel,21,Female,Computer Science and Engineering,4,8,88.3,8.6,67.5,52.8,51.5,96.1,70.4,0,4.0,62.1,Average,Medium Risk,75-90% (Good),>8 Hrs (Intense),7.0
STU1349,Sanjana Kumar,19,Male,Information Technology,1,2,71.9,8.7,62.5,58.8,77.0,77.8,60.5,0,7.4,69.0,Average,Medium Risk,50-75% (Warning),>8 Hrs (Intense),7.0
STU1350,Rahul Chaudhary,21,Male,Computer Science and Engineering,4,7,65.6,8.2,56.4,69.5,32.8,57.8,38.2,0,5.4,55.5,Average,Medium Risk,50-75% (Warning),>8 Hrs (Intense),6.0
STU1351,Rahul Singh,21,Other,Computer Science and Engineering,4,7,84.8,6.8,98.1,96.8,73.6,86.6,87.3,0,8.1,88.2,Excellent,Low Risk,75-90% (Good),5-8 Hrs (High),9.0
STU1352,Aniket Deshmukh,18,Male,Computer Science and Engineering,1,1,51.5,6.6,73.1,64.4,63.8,62.4,54.0,0,6.3,55.5,Average,Medium Risk,50-75% (Warning),5-8 Hrs (High),6.0
STU1353,Manish Chaudhary,21,Female,Computer Science and Engineering,4,7,67.0,7.0,82.5,78.8,60.9,58.7,58.0,0,7.6,68.2,Average,Medium Risk,50-75% (Warning),5-8 Hrs (High),7.0
STU1354,Aman Gupta,19,Male,Computer Science and Engineering,1,1,66.8,3.8,61.7,56.7,37.2,55.4,67.6,1,8.6,50.5,Average,Medium Risk,50-75% (Warning),2-5 Hrs (Moderate),6.0
STU1355,Vedant Sharma,20,Male,Artificial Intelligence & Machine Learning,2,4,59.6,7.9,73.2,58.1,78.7,55.0,58.2,0,5.2,68.6,Average,Medium Risk,50-75% (Warning),5-8 Hrs (High),7.0
STU1356,Bhavya Patel,20,Male,Information Technology,3,6,77.0,10.5,55.1,56.0,61.5,53.2,54.1,0,6.1,69.9,Average,Medium Risk,75-90% (Good),>8 Hrs (Intense),7.0
STU1357,Ananya Saxena,18,Male,Computer Science and Engineering,1,1,83.9,7.3,63.5,64.5,85.1,79.8,59.9,0,6.7,70.2,Good,Low Risk,75-90% (Good),5-8 Hrs (High),8.0
STU1358,Tanya Rao,21,Female,Artificial Intelligence & Machine Learning,4,7,52.4,4.8,16.6,21.6,38.9,28.6,46.6,1,8.8,35.5,At Risk,High Risk,50-75% (Warning),2-5 Hrs (Moderate),4.0
STU1359,Akash Kumar,22,Male,Artificial Intelligence & Machine Learning,4,7,62.1,7.0,78.4,67.7,53.9,62.1,59.5,1,5.9,57.7,Average,Medium Risk,50-75% (Warning),5-8 Hrs (High),6.0
STU1360,Aniket Rao,20,Male,Artificial Intelligence & Machine Learning,3,5,64.6,6.7,90.5,73.3,76.3,74.7,63.0,0,6.0,79.6,Good,Low Risk,50-75% (Warning),5-8 Hrs (High),8.0
STU1361,Varun Mehta,18,Male,Data Science,1,2,53.1,2.8,54.9,66.9,55.8,48.6,38.6,1,7.4,54.0,Average,Medium Risk,50-75% (Warning),2-5 Hrs (Moderate),6.0
STU1362,Tanvi Verma,19,Male,Computer Science and Engineering,2,3,86.3,7.5,78.0,80.9,64.4,99.1,83.1,0,6.0,72.6,Good,Low Risk,75-90% (Good),5-8 Hrs (High),8.0
STU1363,Yash Deshmukh,20,Male,Computer Science and Engineering,3,5,82.9,5.4,66.5,70.8,89.7,68.4,64.2,0,7.0,74.4,Good,Low Risk,75-90% (Good),5-8 Hrs (High),8.0
STU1364,Tarun Nair,21,Male,Artificial Intelligence & Machine Learning,4,7,56.4,11.6,83.0,67.9,69.7,73.6,57.4,0,4.8,71.3,Good,Low Risk,50-75% (Warning),>8 Hrs (Intense),8.0
STU1365,Meera Verma,20,Female,Artificial Intelligence & Machine Learning,3,5,53.3,5.0,65.6,52.2,30.3,54.9,58.6,2,9.7,44.1,At Risk,High Risk,50-75% (Warning),2-5 Hrs (Moderate),4.0
STU1366,Karan Banerjee,19,Male,Computer Science and Engineering,2,4,71.0,6.4,50.4,74.8,81.8,54.9,54.9,0,5.0,66.4,Average,Medium Risk,50-75% (Warning),5-8 Hrs (High),7.0
STU1367,Tanvi Sharma,20,Male,Data Science,3,5,35.2,5.1,45.7,23.8,33.6,52.1,11.2,3,6.4,22.5,At Risk,High Risk,<50% (Critical),5-8 Hrs (High),4.0
STU1368,Pooja Kumar,20,Female,Information Technology,3,5,72.8,3.7,54.9,56.0,48.4,64.3,47.0,0,6.8,60.3,Average,Medium Risk,50-75% (Warning),2-5 Hrs (Moderate),7.0
STU1369,Neha Joshi,21,Male,Artificial Intelligence & Machine Learning,4,8,87.5,7.2,80.4,81.2,56.1,78.9,87.1,0,9.3,73.6,Good,Low Risk,75-90% (Good),5-8 Hrs (High),8.0
STU1370,Pooja Agarwal,18,Female,Information Technology,1,2,63.4,4.7,54.0,37.4,68.3,42.8,50.3,0,5.1,55.8,Average,Medium Risk,50-75% (Warning),2-5 Hrs (Moderate),6.0
STU1371,Siddharth Joshi,21,Male,Artificial Intelligence & Machine Learning,4,8,68.4,9.1,67.6,60.7,52.0,65.8,59.5,0,9.4,61.3,Average,Medium Risk,50-75% (Warning),>8 Hrs (Intense),7.0
STU1372,Sharad Chaudhary,20,Female,Data Science,3,5,60.2,5.6,49.5,50.0,49.2,51.4,41.3,1,7.8,54.7,Average,Medium Risk,50-75% (Warning),5-8 Hrs (High),6.0
STU1373,Aman Bhat,21,Female,Data Science,4,7,62.5,4.5,43.2,28.0,54.3,52.3,50.0,1,7.3,38.2,At Risk,High Risk,50-75% (Warning),2-5 Hrs (Moderate),4.0
STU1374,Sharad Patel,19,Female,Artificial Intelligence & Machine Learning,2,4,95.9,8.4,87.0,80.4,80.3,88.4,72.7,0,5.5,80.2,Good,Low Risk,>90% (Excellent),>8 Hrs (Intense),9.0
STU1375,Rhea Gupta,20,Other,Computer Science and Engineering,3,6,57.1,7.9,73.0,56.3,66.1,64.4,56.7,1,7.5,66.3,Average,Medium Risk,50-75% (Warning),5-8 Hrs (High),7.0
STU1376,Dev Agarwal,21,Male,Data Science,4,8,37.9,4.2,45.9,52.6,21.2,30.3,22.3,3,5.9,25.7,At Risk,High Risk,<50% (Critical),2-5 Hrs (Moderate),4.0
STU1377,Isha Kumar,18,Female,Artificial Intelligence & Machine Learning,1,2,38.1,2.1,32.1,69.1,33.1,18.6,21.3,2,8.4,40.5,At Risk,High Risk,<50% (Critical),2-5 Hrs (Moderate),4.0
STU1378,Aarav Mehta,22,Male,Computer Science and Engineering,4,8,76.7,7.3,65.5,57.2,69.6,72.1,59.3,0,5.5,69.6,Average,Medium Risk,75-90% (Good),5-8 Hrs (High),7.0
STU1379,Aarav Saxena,20,Male,Artificial Intelligence & Machine Learning,3,6,87.1,6.2,85.1,81.4,64.7,65.1,71.6,0,6.7,74.4,Good,Low Risk,75-90% (Good),5-8 Hrs (High),8.0
STU1380,Vikram Kulkarni,19,Male,Data Science,1,1,44.9,5.6,56.0,44.1,56.1,47.1,39.3,1,6.1,37.6,At Risk,High Risk,<50% (Critical),5-8 Hrs (High),4.0
STU1381,Varun Chaudhary,19,Female,Information Technology,2,3,78.9,7.2,82.1,86.8,81.7,70.2,72.5,1,5.5,76.0,Good,Low Risk,75-90% (Good),5-8 Hrs (High),8.0
STU1382,Sanjana Joshi,20,Male,Computer Science and Engineering,3,5,48.1,12.0,88.3,53.8,80.1,55.3,12.3,0,7.8,68.4,Average,Medium Risk,<50% (Critical),>8 Hrs (Intense),7.0
STU1383,Tarun Verma,18,Female,Computer Science and Engineering,1,2,80.9,6.3,73.5,66.6,46.4,83.7,57.0,0,7.5,69.9,Average,Medium Risk,75-90% (Good),5-8 Hrs (High),7.0
STU1384,Aarav Mehta,20,Female,Data Science,3,6,71.0,5.4,75.6,62.9,99.0,64.4,61.0,0,8.4,79.7,Good,Low Risk,50-75% (Warning),5-8 Hrs (High),8.0
STU1385,Meera Gupta,19,Female,Computer Science and Engineering,2,4,52.0,4.8,47.4,46.9,59.8,56.2,57.5,1,4.5,43.0,At Risk,High Risk,50-75% (Warning),2-5 Hrs (Moderate),4.0
STU1386,Tanya Gupta,20,Female,Artificial Intelligence & Machine Learning,3,6,61.1,7.5,38.6,49.6,62.1,56.4,42.9,0,8.2,57.1,Average,Medium Risk,50-75% (Warning),5-8 Hrs (High),6.0
STU1387,Ananya Sharma,18,Male,Artificial Intelligence & Machine Learning,1,2,70.6,8.7,55.6,64.4,68.4,77.1,57.6,0,10.0,67.7,Average,Medium Risk,50-75% (Warning),>8 Hrs (Intense),7.0
STU1388,Rahul Nair,21,Male,Computer Science and Engineering,4,8,31.6,5.6,61.5,52.7,91.2,36.6,51.3,0,6.2,63.0,Average,Medium Risk,<50% (Critical),5-8 Hrs (High),7.0
STU1389,Sneha Nair,21,Male,Data Science,4,7,60.0,3.2,64.1,64.3,40.9,50.4,38.0,0,9.3,54.8,Average,Medium Risk,50-75% (Warning),2-5 Hrs (Moderate),6.0
STU1390,Aditya Chaudhary,21,Male,Data Science,4,7,46.0,6.0,47.5,41.5,44.4,47.2,41.1,1,6.5,32.8,At Risk,High Risk,<50% (Critical),5-8 Hrs (High),4.0
STU1391,Isha Joshi,20,Male,Data Science,3,6,67.4,5.0,67.8,68.0,40.4,64.2,52.9,0,5.0,57.7,Average,Medium Risk,50-75% (Warning),2-5 Hrs (Moderate),6.0
STU1392,Sharad Kumar,18,Male,Information Technology,1,1,100.0,8.6,67.3,86.5,85.4,90.8,82.5,0,6.4,78.2,Good,Low Risk,>90% (Excellent),>8 Hrs (Intense),8.0
STU1393,Meera Kulkarni,21,Male,Artificial Intelligence & Machine Learning,4,8,63.6,7.2,62.8,61.6,74.6,61.8,51.2,0,8.2,63.5,Average,Medium Risk,50-75% (Warning),5-8 Hrs (High),7.0
STU1394,Aman Gupta,18,Female,Artificial Intelligence & Machine Learning,1,1,80.7,7.2,74.5,70.6,67.3,76.0,61.0,0,5.7,75.3,Good,Low Risk,75-90% (Good),5-8 Hrs (High),8.0
STU1395,Rahul Kumar,18,Female,Artificial Intelligence & Machine Learning,1,2,76.7,8.7,87.8,87.4,60.8,84.7,93.6,0,6.0,80.0,Good,Low Risk,75-90% (Good),>8 Hrs (Intense),9.0
STU1396,Sneha Kumar,19,Male,Data Science,2,4,99.9,7.6,80.2,71.1,54.6,80.1,94.0,0,7.6,79.2,Good,Low Risk,>90% (Excellent),5-8 Hrs (High),8.0
STU1397,Kavya Das,20,Female,Information Technology,2,3,79.9,8.7,87.2,97.5,86.4,83.1,85.9,0,6.8,88.4,Excellent,Low Risk,75-90% (Good),>8 Hrs (Intense),9.0
STU1398,Siddharth Kulkarni,22,Male,Artificial Intelligence & Machine Learning,4,7,57.4,6.7,74.8,81.2,80.8,62.8,57.0,0,7.6,66.1,Average,Medium Risk,50-75% (Warning),5-8 Hrs (High),7.0
STU1399,Ananya Singh,20,Male,Artificial Intelligence & Machine Learning,3,6,75.7,6.6,54.1,50.1,53.1,70.6,45.4,0,7.1,45.3,At Risk,High Risk,75-90% (Good),5-8 Hrs (High),4.0
STU1400,Tanvi Deshmukh,19,Female,Information Technology,2,4,75.9,7.4,72.9,50.1,72.5,83.2,69.1,0,7.4,67.2,Average,Medium Risk,75-90% (Good),5-8 Hrs (High),7.0
STU1401,Ananya Rao,19,Male,Computer Science and Engineering,2,3,34.4,6.0,46.6,54.6,33.2,35.5,43.4,2,6.2,35.6,At Risk,High Risk,<50% (Critical),5-8 Hrs (High),4.0
STU1402,Isha Saxena,21,Male,Artificial Intelligence & Machine Learning,4,7,42.5,6.3,59.2,40.7,54.1,38.6,27.2,1,7.1,39.9,At Risk,High Risk,<50% (Critical),5-8 Hrs (High),4.0
STU1403,Meera Nair,19,Other,Computer Science and Engineering,2,4,82.8,8.8,77.1,96.8,68.8,85.5,82.1,0,5.6,73.8,Good,Low Risk,75-90% (Good),>8 Hrs (Intense),8.0
STU1404,Sharad Nair,19,Female,Computer Science and Engineering,2,3,83.6,8.4,74.6,70.5,60.5,80.1,78.0,1,8.5,64.9,Average,Medium Risk,75-90% (Good),>8 Hrs (Intense),7.0
STU1405,Sharad Reddy,19,Female,Computer Science and Engineering,1,2,43.3,2.2,44.8,39.9,41.5,38.5,55.8,0,6.0,39.2,At Risk,High Risk,<50% (Critical),2-5 Hrs (Moderate),4.0
STU1406,Priya Nair,21,Female,Information Technology,4,8,25.0,6.1,67.0,43.7,53.2,36.6,25.8,0,8.3,49.8,At Risk,High Risk,<50% (Critical),5-8 Hrs (High),4.0
STU1407,Tanya Kulkarni,20,Female,Information Technology,3,6,74.0,7.7,87.4,77.7,69.2,64.9,51.7,0,6.5,74.8,Good,Low Risk,50-75% (Warning),5-8 Hrs (High),8.0
STU1408,Zoya Das,18,Male,Artificial Intelligence & Machine Learning,1,2,37.3,6.4,43.0,43.1,35.3,32.8,30.3,1,7.1,44.2,At Risk,High Risk,<50% (Critical),5-8 Hrs (High),4.0
STU1409,Vedant Patel,18,Male,Artificial Intelligence & Machine Learning,1,1,47.8,6.1,66.9,69.2,63.5,49.4,63.2,0,6.2,56.6,Average,Medium Risk,<50% (Critical),5-8 Hrs (High),6.0
STU1410,Tanvi Sharma,20,Male,Data Science,3,5,29.7,5.2,65.5,72.4,60.7,48.2,16.1,2,5.5,52.8,Average,Medium Risk,<50% (Critical),5-8 Hrs (High),6.0
STU1411,Aman Bhat,20,Male,Information Technology,3,5,92.9,7.6,87.7,73.1,64.6,64.2,60.0,0,4.5,73.8,Good,Low Risk,>90% (Excellent),5-8 Hrs (High),8.0
STU1412,Rhea Sharma,19,Female,Data Science,2,3,83.2,9.4,72.9,77.0,98.1,85.7,75.1,1,5.4,82.0,Good,Low Risk,75-90% (Good),>8 Hrs (Intense),9.0
STU1413,Divya Agarwal,21,Male,Data Science,4,7,82.1,10.7,52.9,80.3,69.0,83.4,70.5,0,6.4,71.8,Good,Low Risk,75-90% (Good),>8 Hrs (Intense),8.0
STU1414,Ananya Sharma,19,Female,Computer Science and Engineering,1,1,77.0,5.3,73.9,66.0,50.2,55.6,61.4,1,7.1,64.0,Average,Medium Risk,75-90% (Good),5-8 Hrs (High),7.0
STU1415,Zoya Bhat,19,Female,Artificial Intelligence & Machine Learning,2,3,87.2,9.9,84.4,82.8,63.1,86.9,85.2,0,8.1,81.0,Good,Low Risk,75-90% (Good),>8 Hrs (Intense),9.0
STU1416,Vikram Verma,21,Female,Artificial Intelligence & Machine Learning,4,8,89.2,7.3,51.0,64.0,88.0,85.5,67.2,0,6.2,68.5,Average,Medium Risk,75-90% (Good),5-8 Hrs (High),7.0
STU1417,Utkarsh Kulkarni,19,Female,Data Science,2,3,54.6,7.1,63.6,68.7,74.3,62.8,33.9,0,5.7,64.2,Average,Medium Risk,50-75% (Warning),5-8 Hrs (High),7.0
STU1418,Divya Nair,21,Female,Computer Science and Engineering,3,5,57.1,5.3,73.6,50.7,44.6,32.7,68.6,0,4.9,52.3,Average,Medium Risk,50-75% (Warning),5-8 Hrs (High),6.0
STU1419,Pooja Nair,19,Male,Artificial Intelligence & Machine Learning,2,4,44.4,7.8,77.8,43.3,74.6,58.7,33.3,0,7.4,61.3,Average,Medium Risk,<50% (Critical),5-8 Hrs (High),7.0
STU1420,Varun Das,19,Female,Computer Science and Engineering,2,3,72.2,8.3,82.2,74.5,73.3,66.1,54.2,0,8.6,68.2,Average,Medium Risk,50-75% (Warning),>8 Hrs (Intense),7.0
STU1421,Aarav Reddy,22,Male,Artificial Intelligence & Machine Learning,4,7,88.6,12.0,85.3,100.0,88.1,96.0,92.7,0,8.4,92.4,Excellent,Low Risk,75-90% (Good),>8 Hrs (Intense),10.0
STU1422,Ananya Das,20,Female,Information Technology,2,4,75.6,5.4,67.7,54.4,60.8,77.3,60.0,0,7.7,63.6,Average,Medium Risk,75-90% (Good),5-8 Hrs (High),7.0
STU1423,Akash Patel,21,Male,Data Science,4,7,82.8,9.5,77.7,68.8,68.0,75.5,73.6,0,7.6,74.0,Good,Low Risk,75-90% (Good),>8 Hrs (Intense),8.0
STU1424,Meera Patel,19,Female,Computer Science and Engineering,1,1,77.8,6.2,80.1,56.6,70.9,79.2,70.9,0,9.0,74.4,Good,Low Risk,75-90% (Good),5-8 Hrs (High),8.0
STU1425,Rohan Gupta,18,Female,Artificial Intelligence & Machine Learning,1,1,83.8,6.2,64.4,80.5,64.7,77.2,82.7,0,7.2,75.1,Good,Low Risk,75-90% (Good),5-8 Hrs (High),8.0
STU1426,Meera Reddy,18,Male,Artificial Intelligence & Machine Learning,1,2,85.1,5.9,51.3,62.2,79.2,57.7,62.4,0,7.6,65.9,Average,Medium Risk,75-90% (Good),5-8 Hrs (High),7.0
STU1427,Aditi Das,20,Male,Data Science,3,5,52.8,5.9,67.2,52.4,39.8,59.8,60.4,3,6.4,43.2,At Risk,High Risk,50-75% (Warning),5-8 Hrs (High),4.0
STU1428,Siddharth Nair,19,Other,Information Technology,2,3,59.6,12.0,68.9,56.6,85.7,55.2,34.1,0,5.0,70.4,Good,Low Risk,50-75% (Warning),>8 Hrs (Intense),8.0
STU1429,Varun Rao,21,Male,Computer Science and Engineering,4,8,73.3,6.9,82.7,68.2,65.5,63.9,71.0,0,5.9,71.6,Good,Low Risk,50-75% (Warning),5-8 Hrs (High),8.0
STU1430,Shruti Banerjee,19,Female,Data Science,2,3,47.1,3.6,50.5,35.7,58.8,43.3,33.5,1,6.8,33.2,At Risk,High Risk,<50% (Critical),2-5 Hrs (Moderate),4.0
STU1431,Pranav Bhat,21,Female,Artificial Intelligence & Machine Learning,4,8,80.3,6.8,61.6,61.6,70.2,74.5,78.0,1,6.9,62.2,Average,Medium Risk,75-90% (Good),5-8 Hrs (High),7.0
STU1432,Rohan Bhat,18,Male,Information Technology,1,2,88.1,5.9,77.7,97.2,77.4,89.7,82.8,0,9.3,75.1,Good,Low Risk,75-90% (Good),5-8 Hrs (High),8.0
STU1433,Isha Sharma,21,Male,Computer Science and Engineering,4,7,80.8,9.0,83.7,68.1,92.0,87.8,68.6,0,6.9,85.5,Excellent,Low Risk,75-90% (Good),>8 Hrs (Intense),9.0
STU1434,Yash Banerjee,21,Male,Artificial Intelligence & Machine Learning,4,8,86.6,9.7,72.8,69.0,53.1,78.7,87.4,0,8.3,71.0,Good,Low Risk,75-90% (Good),>8 Hrs (Intense),8.0
STU1435,Vedant Reddy,21,Female,Data Science,4,8,81.1,8.9,65.8,88.0,60.1,71.2,77.9,0,6.2,73.3,Good,Low Risk,75-90% (Good),>8 Hrs (Intense),8.0
STU1436,Vedant Singh,21,Male,Data Science,4,7,75.2,9.7,60.3,66.1,61.6,74.1,73.9,0,6.4,71.7,Good,Low Risk,75-90% (Good),>8 Hrs (Intense),8.0
STU1437,Aman Patel,21,Male,Computer Science and Engineering,4,8,54.7,5.4,69.0,73.3,45.0,69.5,38.5,1,5.1,57.5,Average,Medium Risk,50-75% (Warning),5-8 Hrs (High),6.0
STU1438,Isha Sharma,20,Male,Information Technology,3,6,58.8,3.3,49.0,35.9,37.2,46.2,36.3,2,5.8,29.6,At Risk,High Risk,50-75% (Warning),2-5 Hrs (Moderate),4.0
STU1439,Aditya Kumar,19,Female,Computer Science and Engineering,1,1,44.5,4.0,38.2,50.7,58.2,52.6,39.4,3,7.5,36.3,At Risk,High Risk,<50% (Critical),2-5 Hrs (Moderate),4.0
STU1440,Aarav Sharma,18,Female,Computer Science and Engineering,1,1,54.3,3.3,68.1,57.1,61.2,50.7,44.5,0,6.8,54.3,Average,Medium Risk,50-75% (Warning),2-5 Hrs (Moderate),6.0
STU1441,Vedant Singh,21,Other,Computer Science and Engineering,4,7,82.7,8.3,97.7,60.7,73.6,75.4,78.5,0,8.0,67.9,Average,Medium Risk,75-90% (Good),>8 Hrs (Intense),7.0
STU1442,Tarun Verma,20,Male,Information Technology,3,6,44.0,4.1,63.5,62.4,53.1,45.4,22.8,1,7.0,45.9,At Risk,High Risk,<50% (Critical),2-5 Hrs (Moderate),4.0
STU1443,Divya Rao,21,Female,Artificial Intelligence & Machine Learning,4,7,43.5,2.7,34.5,32.2,43.3,34.5,34.9,2,6.3,28.2,At Risk,High Risk,<50% (Critical),2-5 Hrs (Moderate),4.0
STU1444,Sneha Kumar,19,Female,Artificial Intelligence & Machine Learning,2,4,50.1,4.5,90.6,44.2,61.8,56.1,43.3,1,9.6,52.3,Average,Medium Risk,50-75% (Warning),2-5 Hrs (Moderate),6.0
STU1445,Karan Rao,19,Female,Computer Science and Engineering,1,2,82.5,8.4,57.6,73.2,80.0,89.1,61.5,0,6.7,66.6,Average,Medium Risk,75-90% (Good),>8 Hrs (Intense),7.0
STU1446,Isha Sharma,18,Female,Data Science,1,2,81.6,12.0,88.6,85.2,95.8,89.2,70.8,0,8.3,93.9,Excellent,Low Risk,75-90% (Good),>8 Hrs (Intense),10.0
STU1447,Utkarsh Patel,20,Male,Data Science,3,6,83.8,5.4,75.0,70.0,71.6,89.8,69.8,0,6.3,71.3,Good,Low Risk,75-90% (Good),5-8 Hrs (High),8.0
STU1448,Aditi Deshmukh,19,Male,Artificial Intelligence & Machine Learning,2,4,74.2,2.8,74.2,43.8,48.0,59.6,23.9,0,7.7,52.9,Average,Medium Risk,50-75% (Warning),2-5 Hrs (Moderate),6.0
STU1449,Yash Bhat,18,Female,Information Technology,1,2,90.7,8.1,81.1,95.5,67.6,83.9,71.1,1,8.0,80.0,Good,Low Risk,>90% (Excellent),>8 Hrs (Intense),9.0
STU1450,Rhea Singh,19,Male,Computer Science and Engineering,2,4,65.0,6.3,56.7,69.9,53.1,55.6,46.1,0,7.1,56.1,Average,Medium Risk,50-75% (Warning),5-8 Hrs (High),6.0
STU1451,Neha Deshmukh,18,Female,Artificial Intelligence & Machine Learning,1,1,67.3,7.5,59.1,78.4,62.8,68.9,65.0,0,3.7,66.0,Average,Medium Risk,50-75% (Warning),5-8 Hrs (High),7.0
STU1452,Sharad Banerjee,20,Female,Computer Science and Engineering,3,5,68.2,6.9,69.5,67.9,74.2,66.3,54.3,0,6.8,66.3,Average,Medium Risk,50-75% (Warning),5-8 Hrs (High),7.0
STU1453,Bhavya Bhat,19,Male,Data Science,2,4,89.2,7.0,59.9,47.5,76.5,88.2,71.3,0,8.4,62.4,Average,Medium Risk,75-90% (Good),5-8 Hrs (High),7.0
STU1454,Sneha Nair,21,Female,Computer Science and Engineering,4,8,57.3,7.3,65.3,86.2,62.2,50.1,67.2,0,7.5,70.3,Good,Low Risk,50-75% (Warning),5-8 Hrs (High),8.0
STU1455,Sharad Kumar,20,Male,Computer Science and Engineering,2,3,30.2,5.9,39.5,40.7,43.3,29.1,35.6,3,7.4,35.8,At Risk,High Risk,<50% (Critical),5-8 Hrs (High),4.0
STU1456,Divya Bhat,19,Male,Data Science,2,4,58.7,1.4,37.1,39.9,51.7,57.6,55.2,0,4.6,45.7,At Risk,High Risk,50-75% (Warning),<2 Hrs (Low),4.0
STU1457,Sharad Singh,18,Female,Data Science,1,1,59.9,6.4,80.7,71.3,59.9,44.5,50.0,0,5.9,68.9,Average,Medium Risk,50-75% (Warning),5-8 Hrs (High),7.0
STU1458,Vikram Mehta,18,Female,Computer Science and Engineering,1,1,35.2,4.9,43.6,59.1,35.5,50.9,35.8,1,7.3,38.5,At Risk,High Risk,<50% (Critical),2-5 Hrs (Moderate),4.0
STU1459,Arjun Deshmukh,19,Male,Artificial Intelligence & Machine Learning,2,3,16.9,1.4,25.2,33.3,14.8,13.5,11.7,2,7.3,7.1,At Risk,High Risk,<50% (Critical),<2 Hrs (Low),4.0
STU1460,Akash Verma,20,Male,Data Science,2,4,49.5,8.6,54.3,68.5,45.6,31.4,40.7,0,8.4,62.1,Average,Medium Risk,<50% (Critical),>8 Hrs (Intense),7.0
STU1461,Gaurav Das,20,Female,Computer Science and Engineering,3,6,81.4,7.4,79.9,91.3,82.9,82.9,77.5,0,6.6,91.2,Excellent,Low Risk,75-90% (Good),5-8 Hrs (High),10.0
STU1462,Sneha Das,19,Female,Artificial Intelligence & Machine Learning,2,3,69.9,6.7,48.5,51.1,55.5,67.2,54.0,1,7.3,59.3,Average,Medium Risk,50-75% (Warning),5-8 Hrs (High),6.0
STU1463,Zoya Singh,21,Female,Computer Science and Engineering,3,5,60.1,5.7,53.6,38.9,45.5,51.6,61.2,0,6.8,47.1,At Risk,High Risk,50-75% (Warning),5-8 Hrs (High),4.0
STU1464,Sanjana Singh,21,Male,Data Science,4,7,89.1,7.5,69.1,90.2,83.1,95.1,76.6,0,5.5,76.4,Good,Low Risk,75-90% (Good),5-8 Hrs (High),8.0
STU1465,Priya Chaudhary,22,Male,Artificial Intelligence & Machine Learning,4,7,42.3,0.9,63.9,10.6,51.0,44.0,39.9,4,3.9,14.8,At Risk,High Risk,<50% (Critical),<2 Hrs (Low),4.0
STU1466,Zoya Kumar,18,Male,Computer Science and Engineering,1,1,76.5,7.4,81.4,73.2,61.2,79.0,83.5,0,7.4,64.5,Average,Medium Risk,75-90% (Good),5-8 Hrs (High),7.0
STU1467,Divya Banerjee,19,Female,Computer Science and Engineering,2,4,73.5,8.7,62.3,47.1,76.3,73.2,72.6,0,7.0,64.6,Average,Medium Risk,50-75% (Warning),>8 Hrs (Intense),7.0
STU1468,Aman Chaudhary,18,Male,Data Science,1,1,57.7,3.4,37.5,35.5,56.5,47.0,28.0,1,6.0,47.1,At Risk,High Risk,50-75% (Warning),2-5 Hrs (Moderate),4.0
STU1469,Dev Rao,18,Male,Information Technology,1,2,68.9,5.3,65.3,60.7,50.7,80.6,63.9,0,4.7,58.6,Average,Medium Risk,50-75% (Warning),5-8 Hrs (High),6.0
STU1470,Rohan Nair,22,Female,Data Science,4,7,46.1,6.7,59.1,45.5,41.0,31.9,47.6,1,7.6,45.3,At Risk,High Risk,<50% (Critical),5-8 Hrs (High),4.0
STU1471,Yash Patel,18,Male,Artificial Intelligence & Machine Learning,1,2,50.8,5.7,62.1,53.4,74.6,52.8,55.6,2,6.5,57.9,Average,Medium Risk,50-75% (Warning),5-8 Hrs (High),6.0
STU1472,Yash Patel,19,Other,Data Science,2,4,48.6,5.8,62.9,49.8,61.3,52.1,35.6,0,7.5,52.1,Average,Medium Risk,<50% (Critical),5-8 Hrs (High),6.0
STU1473,Zoya Nair,20,Female,Computer Science and Engineering,3,6,78.4,7.5,69.5,94.6,40.3,80.8,59.9,0,9.2,79.3,Good,Low Risk,75-90% (Good),5-8 Hrs (High),8.0
STU1474,Nikhil Bhat,20,Female,Data Science,3,6,85.8,9.5,70.1,97.4,57.4,76.4,84.5,0,4.0,85.0,Excellent,Low Risk,75-90% (Good),>8 Hrs (Intense),9.0
STU1475,Tanya Kulkarni,20,Male,Artificial Intelligence & Machine Learning,3,6,70.9,10.7,59.9,47.2,58.4,52.4,51.6,1,5.9,56.0,Average,Medium Risk,50-75% (Warning),>8 Hrs (Intense),6.0
STU1476,Varun Chaudhary,19,Male,Computer Science and Engineering,1,2,89.6,11.0,65.8,100.0,70.7,92.3,79.1,0,6.5,81.2,Good,Low Risk,75-90% (Good),>8 Hrs (Intense),9.0
STU1477,Rohan Mehta,19,Female,Computer Science and Engineering,2,3,76.1,8.0,69.0,52.0,52.3,70.2,76.1,1,8.7,61.7,Average,Medium Risk,75-90% (Good),5-8 Hrs (High),7.0
STU1478,Rhea Deshmukh,20,Female,Computer Science and Engineering,3,6,72.5,7.2,78.7,76.1,74.1,85.5,65.9,0,4.7,71.7,Good,Low Risk,50-75% (Warning),5-8 Hrs (High),8.0
STU1479,Varun Nair,18,Female,Data Science,1,1,89.9,6.3,68.1,73.9,91.3,75.7,69.6,0,9.3,71.2,Good,Low Risk,75-90% (Good),5-8 Hrs (High),8.0
STU1480,Aman Saxena,19,Male,Information Technology,2,4,61.8,6.4,80.9,51.7,56.4,68.5,44.3,2,7.0,59.0,Average,Medium Risk,50-75% (Warning),5-8 Hrs (High),6.0
STU1481,Isha Sharma,18,Female,Computer Science and Engineering,1,2,46.4,5.5,55.4,63.4,65.4,63.7,43.4,2,6.7,55.8,Average,Medium Risk,<50% (Critical),5-8 Hrs (High),6.0
STU1482,Karan Bhat,18,Female,Data Science,1,1,90.6,6.7,69.8,80.9,95.3,85.5,66.1,0,6.5,81.4,Good,Low Risk,>90% (Excellent),5-8 Hrs (High),9.0
STU1483,Rhea Nair,20,Female,Computer Science and Engineering,2,4,81.3,7.6,82.7,67.0,89.3,68.6,68.3,0,6.2,71.0,Good,Low Risk,75-90% (Good),5-8 Hrs (High),8.0
STU1484,Sanjana Chaudhary,18,Female,Information Technology,1,1,68.4,7.2,67.5,45.7,64.9,61.4,61.1,0,8.2,54.6,Average,Medium Risk,50-75% (Warning),5-8 Hrs (High),6.0
STU1485,Yash Mehta,20,Female,Computer Science and Engineering,3,5,61.7,6.7,64.6,47.5,35.1,58.6,65.3,0,5.4,52.6,Average,Medium Risk,50-75% (Warning),5-8 Hrs (High),6.0
STU1486,Tanvi Mehta,20,Female,Data Science,3,5,68.7,8.0,63.6,46.3,71.4,71.5,66.8,0,7.2,60.2,Average,Medium Risk,50-75% (Warning),5-8 Hrs (High),7.0
STU1487,Neha Singh,22,Male,Artificial Intelligence & Machine Learning,4,7,100.0,8.4,78.6,73.0,84.7,87.3,74.9,0,6.3,79.6,Good,Low Risk,>90% (Excellent),>8 Hrs (Intense),8.0
STU1488,Pranav Iyer,18,Male,Artificial Intelligence & Machine Learning,1,2,76.6,5.4,59.5,45.4,59.1,82.1,73.8,0,5.8,63.2,Average,Medium Risk,75-90% (Good),5-8 Hrs (High),7.0
STU1489,Sanjana Singh,18,Male,Data Science,1,2,85.4,7.0,79.9,69.8,93.2,73.0,70.4,1,10.0,76.4,Good,Low Risk,75-90% (Good),5-8 Hrs (High),8.0
STU1490,Rahul Kumar,18,Male,Computer Science and Engineering,1,1,72.5,5.1,50.6,84.3,77.9,56.6,50.9,0,7.3,74.4,Good,Low Risk,50-75% (Warning),5-8 Hrs (High),8.0
STU1491,Karan Kumar,20,Male,Data Science,3,6,95.4,11.9,75.6,93.5,84.8,100.0,80.5,1,7.6,81.1,Good,Low Risk,>90% (Excellent),>8 Hrs (Intense),9.0
STU1492,Pooja Nair,20,Male,Computer Science and Engineering,3,6,83.3,8.0,91.9,73.0,85.7,62.4,86.7,0,8.3,78.6,Good,Low Risk,75-90% (Good),5-8 Hrs (High),8.0
STU1493,Zoya Rao,18,Male,Computer Science and Engineering,1,1,94.7,9.5,81.8,88.4,91.5,94.4,88.2,0,5.0,91.6,Excellent,Low Risk,>90% (Excellent),>8 Hrs (Intense),10.0
STU1494,Isha Agarwal,21,Male,Data Science,4,8,69.0,5.8,64.8,91.8,38.9,93.7,61.9,0,9.1,68.3,Average,Medium Risk,50-75% (Warning),5-8 Hrs (High),7.0
STU1495,Pooja Joshi,18,Female,Computer Science and Engineering,1,1,90.3,12.0,82.3,92.8,78.8,91.5,99.0,0,3.5,91.5,Excellent,Low Risk,>90% (Excellent),>8 Hrs (Intense),10.0
STU1496,Isha Das,21,Female,Computer Science and Engineering,3,5,23.6,4.3,49.3,55.1,73.8,23.3,15.5,1,5.8,46.7,At Risk,High Risk,<50% (Critical),2-5 Hrs (Moderate),4.0
STU1497,Dev Kulkarni,21,Male,Artificial Intelligence & Machine Learning,3,6,87.9,8.1,59.6,63.9,70.0,86.9,65.7,0,6.2,78.0,Good,Low Risk,75-90% (Good),>8 Hrs (Intense),8.0
STU1498,Arjun Nair,21,Female,Information Technology,4,8,84.0,10.2,83.3,90.0,80.9,86.2,62.1,0,7.6,86.5,Excellent,Low Risk,75-90% (Good),>8 Hrs (Intense),9.0
STU1499,Siddharth Joshi,20,Female,Data Science,3,6,73.4,6.4,56.4,62.1,40.6,65.2,60.3,2,7.1,55.0,Average,Medium Risk,50-75% (Warning),5-8 Hrs (High),6.0
STU1500,Kavya Chaudhary,21,Male,Computer Science and Engineering,4,7,78.2,9.8,74.8,66.6,94.8,82.7,71.3,0,6.6,77.1,Good,Low Risk,75-90% (Good),>8 Hrs (Intense),8.0
